resistance genotype,gene drive status,replicate,day,sen,res,gd
ELC,'-GD,NA,D0,997,10,0
EA,'-GD,NA,D0,"1,004",7,0
CR,'-GD,NA,D0,"1,257",6,0
CT,'-GD,NA,D0,"1,064",8,0
F1,'-GD,NA,D0,"1,039",4,0
F2,'-GD,NA,D0,"1,074",6,0
F3,'-GD,NA,D0,"1,089",3,0
F4,'-GD,NA,D0,926,1,0
BV,'-GD,NA,D0,"1,047",7,0
ELC,'+GD,NA,D0,764,6,32
EA,'+GD,NA,D0,986,3,34
CR,'+GD,NA,D0,910,9,37
CT,'+GD,NA,D0,843,12,42
F1,'+GD,NA,D0,952,6,49
F2,'+GD,NA,D0,899,6,41
F3,'+GD,NA,D0,983,2,52
F4,'+GD,NA,D0,980,2,54
BV,'+GD,NA,D0,992,8,54
ELC,'-GD,rep1,D2,762,13,0
ELC,'-GD,rep2,D2,624,11,0
ELC,'-GD,rep3,D2,788,16,1
ELC,'+GD,rep1,D2,536,11,62
ELC,'+GD,rep2,D2,477,7,49
ELC,'+GD,rep3,D2,570,16,74
F1,'-GD,rep1,D2,771,12,0
F1,'-GD,rep2,D2,610,16,1
F1,'-GD,rep3,D2,779,18,0
F1,'+GD,rep1,D2,681,9,70
F1,'+GD,rep2,D2,629,12,54
F1,'+GD,rep3,D2,579,6,71
EA,'-GD,rep1,D2,606,11,0
EA,'-GD,rep2,D2,644,10,0
EA,'-GD,rep3,D2,712,8,0
EA,'+GD,rep1,D2,573,7,46
EA,'+GD,rep2,D2,559,15,44
EA,'+GD,rep3,D2,636,7,61
F2,'-GD,rep1,D2,630,7,2
F2,'-GD,rep2,D2,696,4,1
F2,'-GD,rep3,D2,554,6,0
F2,'+GD,rep1,D2,561,8,64
F2,'+GD,rep2,D2,583,10,69
F2,'+GD,rep3,D2,590,5,68
CR,'-GD,rep1,D2,528,9,0
CR,'-GD,rep2,D2,755,11,0
CR,'-GD,rep3,D2,936,14,4
CR,'+GD,rep1,D2,613,3,62
CR,'+GD,rep2,D2,557,9,55
CR,'+GD,rep3,D2,567,17,55
F3,'-GD,rep1,D2,701,2,1
F3,'-GD,rep2,D2,558,7,0
F3,'-GD,rep3,D2,679,2,0
F3,'+GD,rep1,D2,553,7,64
F3,'+GD,rep2,D2,392,3,51
F3,'+GD,rep3,D2,546,7,49
CT,'-GD,rep1,D2,612,8,1
CT,'-GD,rep2,D2,754,7,0
CT,'-GD,rep3,D2,524,7,0
CT,'+GD,rep1,D2,395,5,47
CT,'+GD,rep2,D2,491,10,60
CT,'+GD,rep3,D2,359,8,33
F4,'-GD,rep1,D2,603,4,0
F4,'-GD,rep2,D2,545,4,1
F4,'-GD,rep3,D2,525,9,0
F4,'+GD,rep1,D2,694,1,70
F4,'+GD,rep2,D2,571,3,64
F4,'+GD,rep3,D2,575,4,55
BV,'-GD,rep1,D2,683,3,0
BV,'-GD,rep2,D2,573,3,0
BV,'-GD,rep3,D2,639,4,0
BV,'+GD,rep1,D2,514,9,48
BV,'+GD,rep2,D2,523,6,40
BV,'+GD,rep3,D2,460,8,33
ELC,'-GD,rep1,D4,47,1,0
ELC,'-GD,rep2,D4,26,1,0
ELC,'-GD,rep3,D4,72,5,0
ELC,'+GD,rep1,D4,65,9,75
ELC,'+GD,rep2,D4,91,8,86
ELC,'+GD,rep3,D4,69,11,82
F1,'-GD,rep1,D4,81,15,0
F1,'-GD,rep2,D4,58,8,0
F1,'-GD,rep3,D4,85,18,0
F1,'+GD,rep1,D4,84,9,81
F1,'+GD,rep2,D4,60,16,79
F1,'+GD,rep3,D4,89,19,80
EA,'-GD,rep1,D4,69,13,0
EA,'-GD,rep2,D4,60,16,0
EA,'-GD,rep3,D4,54,19,0
EA,'+GD,rep1,D4,78,30,74
EA,'+GD,rep2,D4,73,12,78
EA,'+GD,rep3,D4,55,19,60
F2,'-GD,rep1,D4,54,1,0
F2,'-GD,rep2,D4,86,4,0
F2,'-GD,rep3,D4,62,1,0
F2,'+GD,rep1,D4,66,8,74
F2,'+GD,rep2,D4,77,3,70
F2,'+GD,rep3,D4,63,2,51
CR,'-GD,rep1,D4,27,2,0
CR,'-GD,rep2,D4,63,12,0
CR,'-GD,rep3,D4,67,5,0
CR,'+GD,rep1,D4,96,8,76
CR,'+GD,rep2,D4,53,10,54
CR,'+GD,rep3,D4,66,11,59
F3,'-GD,rep1,D4,70,2,0
F3,'-GD,rep2,D4,55,3,0
F3,'-GD,rep3,D4,63,3,0
F3,'+GD,rep1,D4,81,5,80
F3,'+GD,rep2,D4,80,5,52
F3,'+GD,rep3,D4,75,4,80
CT,'-GD,rep1,D4,58,14,0
CT,'-GD,rep2,D4,77,7,0
CT,'-GD,rep3,D4,42,5,0
CT,'+GD,rep1,D4,83,9,56
CT,'+GD,rep2,D4,77,8,56
CT,'+GD,rep3,D4,89,14,78
F4,'-GD,rep1,D4,71,5,1
F4,'-GD,rep2,D4,89,2,0
F4,'-GD,rep3,D4,50,1,0
F4,'+GD,rep1,D4,80,3,92
F4,'+GD,rep2,D4,66,6,49
F4,'+GD,rep3,D4,79,3,58
BV,'-GD,rep1,D4,59,4,0
BV,'-GD,rep2,D4,81,3,0
BV,'-GD,rep3,D4,62,3,0
BV,'+GD,rep1,D4,72,4,66
BV,'+GD,rep2,D4,96,4,60
BV,'+GD,rep3,D4,70,3,90
ELC,'-GD,rep1,D6,4,3,0
ELC,'-GD,rep2,D6,9,1,0
ELC,'-GD,rep3,D6,8,3,0
ELC,'+GD,rep1,D6,14,9,110
ELC,'+GD,rep2,D6,29,5,133
ELC,'+GD,rep3,D6,23,10,108
F1,'-GD,rep1,D6,6,13,0
F1,'-GD,rep2,D6,12,7,0
F1,'-GD,rep3,D6,20,13,0
F1,'+GD,rep1,D6,35,31,113
F1,'+GD,rep2,D6,33,25,122
F1,'+GD,rep3,D6,27,29,104
EA,'-GD,rep1,D6,8,22,0
EA,'-GD,rep2,D6,10,25,0
EA,'-GD,rep3,D6,16,16,0
EA,'+GD,rep1,D6,11,30,74
EA,'+GD,rep2,D6,24,32,143
EA,'+GD,rep3,D6,16,21,84
F2,'-GD,rep1,D6,10,3,0
F2,'-GD,rep2,D6,10,6,0
F2,'-GD,rep3,D6,10,0,0
F2,'+GD,rep1,D6,20,9,99
F2,'+GD,rep2,D6,24,7,97
F2,'+GD,rep3,D6,14,3,62
CR,'-GD,rep1,D6,3,4,0
CR,'-GD,rep2,D6,6,5,0
CR,'-GD,rep3,D6,11,9,0
CR,'+GD,rep1,D6,17,8,83
CR,'+GD,rep2,D6,14,10,68
CR,'+GD,rep3,D6,18,12,70
F3,'-GD,rep1,D6,8,2,0
F3,'-GD,rep2,D6,9,2,0
F3,'-GD,rep3,D6,11,3,0
F3,'+GD,rep1,D6,27,3,138
F3,'+GD,rep2,D6,29,5,121
F3,'+GD,rep3,D6,32,4,82
CT,'-GD,rep1,D6,5,5,0
CT,'-GD,rep2,D6,4,5,0
CT,'-GD,rep3,D6,6,3,0
CT,'+GD,rep1,D6,11,13,48
CT,'+GD,rep2,D6,14,7,61
CT,'+GD,rep3,D6,14,12,74
F4,'-GD,rep1,D6,6,0,0
F4,'-GD,rep2,D6,10,0,0
F4,'-GD,rep3,D6,14,3,0
F4,'+GD,rep1,D6,22,9,72
F4,'+GD,rep2,D6,15,2,66
F4,'+GD,rep3,D6,18,4,81
BV,'-GD,rep1,D6,10,3,0
BV,'-GD,rep2,D6,18,2,0
BV,'-GD,rep3,D6,9,1,0
BV,'+GD,rep1,D6,16,4,54
BV,'+GD,rep2,D6,29,3,102
BV,'+GD,rep3,D6,18,4,95
ELC,'-GD,rep1,D8,2,3,0
ELC,'-GD,rep2,D8,11,14,0
ELC,'-GD,rep3,D8,6,9,0
ELC,'+GD,rep1,D8,21,14,390
ELC,'+GD,rep2,D8,18,31,433
ELC,'+GD,rep3,D8,30,36,501
F1,'-GD,rep1,D8,8,14,0
F1,'-GD,rep2,D8,15,17,0
F1,'-GD,rep3,D8,15,28,0
F1,'+GD,rep1,D8,50,115,407
F1,'+GD,rep2,D8,36,93,342
F1,'+GD,rep3,D8,54,110,441
EA,'-GD,rep1,D8,17,109,0
EA,'-GD,rep2,D8,19,91,0
EA,'-GD,rep3,D8,7,43,0
EA,'+GD,rep1,D8,26,94,258
EA,'+GD,rep2,D8,23,135,403
EA,'+GD,rep3,D8,14,72,214
F2,'-GD,rep1,D8,6,1,0
F2,'-GD,rep2,D6,8,8,0
F2,'-GD,rep3,D8,3,7,0
F2,'+GD,rep1,D8,25,28,342
F2,'+GD,rep2,D8,13,28,207
F2,'+GD,rep3,D8,13,10,109
CR,'-GD,rep1,D8,5,2,0
CR,'-GD,rep2,D8,9,17,0
CR,'-GD,rep3,D8,5,6,0
CR,'+GD,rep1,D8,20,21,255
CR,'+GD,rep2,D8,13,18,180
CR,'+GD,rep3,D8,20,17,159
F3,'-GD,rep1,D8,5,1,0
F3,'-GD,rep2,D8,2,7,0
F3,'-GD,rep3,D8,9,4,0
F3,'+GD,rep1,D8,23,23,252
F3,'+GD,rep2,D8,23,19,371
F3,'+GD,rep3,D8,27,11,211
CT,'-GD,rep1,D8,4,8,0
CT,'-GD,rep2,D8,8,4,0
CT,'-GD,rep3,D8,7,6,0
CT,'+GD,rep1,D8,10,13,149
CT,'+GD,rep2,D8,16,16,126
CT,'+GD,rep3,D8,26,24,182
F4,'-GD,rep1,D8,6,3,0
F4,'-GD,rep2,D8,10,3,0
F4,'-GD,rep3,D8,7,0,0
F4,'+GD,rep1,D8,22,7,217
F4,'+GD,rep2,D8,13,4,168
F4,'+GD,rep3,D8,27,4,237
BV,'-GD,rep1,D8,8,1,0
BV,'-GD,rep2,D8,2,1,0
BV,'-GD,rep3,D8,7,0,0
BV,'+GD,rep1,D8,19,3,151
BV,'+GD,rep2,D8,28,4,221
BV,'+GD,rep3,D8,28,9,339
ELC,'-GD,rep1,D10,4,3,0
ELC,'-GD,rep2,D10,4,11,0
ELC,'-GD,rep3,D10,4,14,0
ELC,'+GD,rep1,D10,34,34,"1,002"
ELC,'+GD,rep2,D10,31,64,"1,068"
ELC,'+GD,rep3,D10,23,41,984
F1,'-GD,rep1,D10,4,19,2
F1,'-GD,rep2,D10,7,37,0
F1,'-GD,rep3,D10,17,43,0
F1,'+GD,rep1,D10,40,263,834
F1,'+GD,rep2,D10,37,210,621
F1,'+GD,rep3,D10,68,269,"1,126"
EA,'-GD,rep1,D10,35,189,0
EA,'-GD,rep2,D10,21,242,0
EA,'-GD,rep3,D10,6,97,0
EA,'+GD,rep1,D10,30,323,643
EA,'+GD,rep2,D10,47,484,"1,099"
EA,'+GD,rep3,D10,24,187,423
F2,'-GD,rep1,D10,3,5,2
F2,'-GD,rep2,D10,5,6,0
F2,'-GD,rep3,D10,9,10,0
F2,'+GD,rep1,D10,21,59,630
F2,'+GD,rep2,D10,11,39,302
F2,'+GD,rep3,D10,16,15,223
CR,'-GD,rep1,D10,3,5,0
CR,'-GD,rep2,D10,8,27,0
CR,'-GD,rep3,D10,5,18,0
CR,'+GD,rep1,D10,24,54,516
CR,'+GD,rep2,D10,19,47,356
CR,'+GD,rep3,D10,13,34,277
F3,'-GD,rep1,D10,2,1,0
F3,'-GD,rep2,D10,2,4,0
F3,'-GD,rep3,D10,6,3,0
F3,'+GD,rep1,D10,20,42,535
F3,'+GD,rep2,D10,10,33,572
F3,'+GD,rep3,D10,15,19,380
CT,'-GD,rep1,D10,4,14,0
CT,'-GD,rep2,D10,3,4,0
CT,'-GD,rep3,D10,1,12,0
CT,'+GD,rep1,D10,12,43,305
CT,'+GD,rep2,D10,3,36,231
CT,'+GD,rep3,D10,10,57,321
F4,'-GD,rep1,D10,1,0,0
F4,'-GD,rep2,D10,1,2,0
F4,'-GD,rep3,D10,1,4,0
F4,'+GD,rep1,D10,15,23,294
F4,'+GD,rep2,D10,17,13,318
F4,'+GD,rep3,D10,15,12,285
BV,'-GD,rep1,D10,3,1,0
BV,'-GD,rep2,D10,3,3,0
BV,'-GD,rep3,D10,1,1,0
BV,'+GD,rep1,D10,20,6,324
BV,'+GD,rep2,D10,19,10,547
BV,'+GD,rep3,D10,24,12,686
F1,'-GD,rep1,D12,4,37,0
F1,'-GD,rep2,D12,9,47,0
F1,'-GD,rep3,D12,17,59,0
F1,'+GD,rep1,D12,33,263,699
F1,'+GD,rep2,D12,29,269,761
F1,'+GD,rep3,D12,48,283,965
EA,'-GD,rep1,D12,37,506,0
EA,'-GD,rep2,D12,55,603,0
EA,'-GD,rep3,D12,12,214,0
EA,'+GD,rep1,D12,23,378,687
EA,'+GD,rep2,D12,34,397,851
EA,'+GD,rep3,D12,26,306,563
F2,'-GD,rep1,D12,4,5,8
F2,'-GD,rep2,D12,6,10,0
F2,'-GD,rep3,D12,0,9,0
F2,'+GD,rep1,D12,23,134,"1,433"
F2,'+GD,rep2,D12,19,81,708
F2,'+GD,rep3,D12,6,35,372
CR,'-GD,rep1,D12,0,12,0
CR,'-GD,rep2,D12,5,37,0
CR,'-GD,rep3,D12,2,26,0
CR,'+GD,rep1,D12,28,172,"1,322"
CR,'+GD,rep2,D12,19,85,690
CR,'+GD,rep3,D12,20,50,627
F3,'-GD,rep1,D12,2,0,0
F3,'-GD,rep2,D12,2,6,0
F3,'-GD,rep3,D12,2,1,0
F3,'+GD,rep1,D12,33,116,"1,365"
F3,'+GD,rep2,D12,28,73,"1,464"
F3,'+GD,rep3,D12,11,37,793
CT,'-GD,rep1,D12,0,14,0
CT,'-GD,rep2,D12,5,8,0
CT,'-GD,rep3,D12,2,23,0
CT,'+GD,rep1,D12,17,72,568
CT,'+GD,rep2,D12,13,85,519
CT,'+GD,rep3,D12,14,128,747
F4,'-GD,rep1,D12,0,0,0
F4,'-GD,rep2,D12,0,0,0
F4,'-GD,rep3,D12,3,3,0
F4,'+GD,rep1,D12,21,48,807
F4,'+GD,rep2,D12,17,25,608
F4,'+GD,rep3,D12,10,20,601
BV,'-GD,rep1,D12,0,0,0
BV,'-GD,rep2,D12,0,1,0
BV,'-GD,rep3,D12,0,0,0
BV,'+GD,rep1,D12,9,9,612
BV,'+GD,rep2,D12,14,7,"1,027"
BV,'+GD,rep3,D12,22,21,"1,640"
F1,'-GD,rep1,D14,5,48,0
F1,'-GD,rep2,D14,2,91,0
F1,'-GD,rep3,D14,9,87,0
F1,'+GD,rep1,D14,8,164,393
F1,'+GD,rep2,D14,25,197,362
F1,'+GD,rep3,D14,24,181,497
EA,'-GD,rep1,D14,140,"1,418",0
EA,'-GD,rep2,D14,143,"1,956",0
EA,'-GD,rep3,D14,29,609,0
EA,'+GD,rep1,D14,17,213,336
EA,'+GD,rep2,D14,25,260,441
EA,'+GD,rep3,D14,22,259,315
F2,'-GD,rep1,D14,2,4,0
F2,'-GD,rep2,D14,6,7,0
F2,'-GD,rep3,D14,3,9,0
F2,'+GD,rep1,D14,32,86,"1,426"
F2,'+GD,rep2,D14,12,83,616
F2,'+GD,rep3,D14,3,45,466
CR,'-GD,rep1,D14,0,14,0
CR,'-GD,rep2,D14,7,69,0
CR,'-GD,rep3,D14,4,22,0
CR,'+GD,rep1,D14,18,119,"1,308"
CR,'+GD,rep2,D14,23,121,730
CR,'+GD,rep3,D14,16,70,563
F3,'-GD,rep1,D14,2,0,0
F3,'-GD,rep2,D14,0,12,0
F3,'-GD,rep3,D14,0,2,0
F3,'+GD,rep1,D14,25,104,"1,235"
F3,'+GD,rep2,D14,13,66,"1,466"
F3,'+GD,rep3,D14,12,31,697
CT,'-GD,rep1,D14,2,15,0
CT,'-GD,rep2,D14,4,7,0
CT,'-GD,rep3,D14,6,28,0
CT,'+GD,rep1,D14,17,187,"1,505"
CT,'+GD,rep2,D14,18,243,"1,164"
CT,'+GD,rep3,D14,29,285,"1,532"
F4,'-GD,rep1,D14,3,3,0
F4,'-GD,rep2,D14,2,2,0
F4,'-GD,rep3,D14,4,3,0
F4,'+GD,rep1,D14,27,101,"1,687"
F4,'+GD,rep2,D14,18,51,"1,329"
F4,'+GD,rep3,D14,18,46,"1,258"
BV,'-GD,rep1,D14,3,0,0
BV,'-GD,rep2,D14,1,0,0
BV,'-GD,rep3,D14,4,0,0
BV,'+GD,rep1,D14,14,11,602
BV,'+GD,rep2,D14,14,11,"1,069"
BV,'+GD,rep3,D14,13,10,"1,367"
F1,'-GD,rep1,D16,11,90,0
F1,'-GD,rep2,D16,5,175,0
F1,'-GD,rep3,D16,11,183,0
F1,'+GD,rep1,D16,3,40,86
F1,'+GD,rep2,D16,15,65,97
F1,'+GD,rep3,D16,6,39,76
EA,'-GD,rep1,D16,218,"2,755",0
EA,'-GD,rep2,D16,262,"3,498",0
EA,'-GD,rep3,D16,64,"1,142",0
EA,'+GD,rep1,D16,5,69,67
EA,'+GD,rep2,D16,5,69,91
EA,'+GD,rep3,D16,10,84,78
F2,'-GD,rep1,D16,3,5,0
F2,'-GD,rep2,D16,5,6,0
F2,'-GD,rep3,D16,1,15,0
F2,'+GD,rep1,D16,10,55,603
F2,'+GD,rep2,D16,17,62,377
F2,'+GD,rep3,D16,4,28,223
CR,'-GD,rep1,D16,2,16,0
CR,'-GD,rep2,D16,9,70,0
CR,'-GD,rep3,D16,11,32,0
CR,'+GD,rep1,D16,16,55,480
CR,'+GD,rep2,D16,14,72,417
CR,'+GD,rep3,D16,11,42,315
F3,'-GD,rep1,D16,1,0,0
F3,'-GD,rep2,D16,1,5,0
F3,'-GD,rep3,D16,1,0,0
F3,'+GD,rep1,D16,15,47,509
F3,'+GD,rep2,D16,8,22,571
F3,'+GD,rep3,D16,3,21,365
CT,'-GD,rep1,D16,1,11,0
CT,'-GD,rep2,D16,7,9,0
CT,'-GD,rep3,D16,5,23,0
CT,'+GD,rep1,D16,18,184,"1,536"
CT,'+GD,rep2,D16,12,211,"1,241"
CT,'+GD,rep3,D16,10,264,"1,390"
F4,'-GD,rep1,D16,2,1,0
F4,'-GD,rep2,D16,0,1,0
F4,'-GD,rep3,D16,1,1,0
F4,'+GD,rep1,D16,28,116,"1,891"
F4,'+GD,rep2,D16,12,60,"1,074"
F4,'+GD,rep3,D16,14,45,"1,137"
BV,'-GD,rep1,D16,1,0,0
BV,'-GD,rep2,D16,2,0,0
BV,'-GD,rep3,D16,4,2,0
BV,'+GD,rep1,D16,5,8,296
BV,'+GD,rep2,D16,5,6,481
BV,'+GD,rep3,D16,9,5,581
F1,'-GD,rep1,D18,13,296,0
F1,'-GD,rep2,D18,17,520,0
F1,'-GD,rep3,D18,46,598,0
F1,'+GD,rep1,D18,4,7,20
F1,'+GD,rep2,D18,0,14,19
F1,'+GD,rep3,D18,1,5,7
EA,'-GD,rep1,D18,387,"4,962",1
EA,'-GD,rep2,D18,414,"6,215",0
EA,'-GD,rep3,D18,158,"3,928",0
EA,'+GD,rep1,D18,2,23,17
EA,'+GD,rep2,D18,2,13,16
EA,'+GD,rep3,D18,7,58,24
F2,'-GD,rep1,D18,4,3,0
F2,'-GD,rep2,D18,5,26,0
F2,'-GD,rep3,D18,0,29,0
F2,'+GD,rep1,D18,10,25,107
F2,'+GD,rep2,D18,5,35,145
F2,'+GD,rep3,D18,8,27,143
CR,'-GD,rep1,D18,7,33,0
CR,'-GD,rep2,D18,29,225,0
CR,'-GD,rep3,D18,20,126,0
CR,'+GD,rep1,D18,13,24,141
CR,'+GD,rep2,D18,9,34,150
CR,'+GD,rep3,D18,8,26,148
F3,'-GD,rep1,D18,1,1,0
F3,'-GD,rep2,D18,2,7,0
F3,'-GD,rep3,D18,1,5,0
F3,'+GD,rep1,D18,17,24,168
F3,'+GD,rep2,D18,11,9,118
F3,'+GD,rep3,D18,6,12,138
CT,'-GD,rep1,D18,1,26,0
CT,'-GD,rep2,D18,16,33,0
CT,'-GD,rep3,D18,4,61,0
CT,'+GD,rep1,D18,10,130,930
CT,'+GD,rep2,D18,9,154,849
CT,'+GD,rep3,D18,17,160,903
F4,'-GD,rep1,D18,1,7,1
F4,'-GD,rep2,D18,1,4,0
F4,'-GD,rep3,D18,1,3,0
F4,'+GD,rep1,D18,17,79,"1,072"
F4,'+GD,rep2,D18,12,40,810
F4,'+GD,rep3,D18,13,37,967
BV,'-GD,rep1,D18,1,0,0
BV,'-GD,rep2,D18,1,0,0
BV,'-GD,rep3,D18,0,1,0
BV,'+GD,rep1,D18,3,2,125
BV,'+GD,rep2,D18,9,0,105
BV,'+GD,rep3,D18,3,2,108
F1,'-GD,rep1,D20,35,715,0
F1,'-GD,rep2,D20,42,"1,600",0
F1,'-GD,rep3,D20,125,"1,653",0
F1,'+GD,rep1,D20,0,1,0
F1,'+GD,rep2,D20,0,1,0
F1,'+GD,rep3,D20,1,0,0
EA,'-GD,rep1,D20,433,"5,143",0
EA,'-GD,rep2,D20,308,"3,856",0
EA,'-GD,rep3,D20,159,"4,722",0
EA,'+GD,rep1,D20,1,0,2
EA,'+GD,rep2,D20,1,1,0
EA,'+GD,rep3,D20,0,3,0
F2,'-GD,rep1,D20,0,3,0
F2,'-GD,rep2,D20,8,55,0
F2,'-GD,rep3,D20,2,38,0
F2,'+GD,rep1,D20,3,1,2
F2,'+GD,rep2,D20,0,10,6
F2,'+GD,rep3,D20,1,6,9
CR,'-GD,rep1,D20,6,58,0
CR,'-GD,rep2,D20,40,359,0
CR,'-GD,rep3,D20,41,213,0
CR,'+GD,rep1,D20,2,0,3
CR,'+GD,rep2,D20,2,4,7
CR,'+GD,rep3,D20,2,4,9
F3,'-GD,rep1,D20,0,3,0
F3,'-GD,rep2,D20,1,24,0
F3,'-GD,rep3,D20,2,0,0
F3,'+GD,rep1,D20,0,0,4
F3,'+GD,rep2,D20,1,0,2
F3,'+GD,rep3,D20,1,2,3
CT,'-GD,rep1,D20,3,36,0
CT,'-GD,rep2,D20,35,40,0
CT,'-GD,rep3,D20,8,79,0
CT,'+GD,rep1,D20,3,22,134
CT,'+GD,rep2,D20,5,24,151
CT,'+GD,rep3,D20,2,37,113
F4,'-GD,rep1,D20,2,6,0
F4,'-GD,rep2,D20,0,5,0
F4,'-GD,rep3,D20,2,12,0
F4,'+GD,rep1,D20,2,23,251
F4,'+GD,rep2,D20,5,12,188
F4,'+GD,rep3,D20,1,15,134
BV,'-GD,rep1,D20,1,0,0
BV,'-GD,rep2,D20,0,0,0
BV,'-GD,rep3,D20,2,2,0
BV,'+GD,rep1,D20,1,0,4
BV,'+GD,rep2,D20,2,0,0
BV,'+GD,rep3,D20,0,0,0
F1,'-GD,rep1,D22,87,"1,745",0
F1,'-GD,rep2,D22,143,"3,846",0
F1,'-GD,rep3,D22,311,"3,659",0
F1,'+GD,rep1,D22,0,0,0
F1,'+GD,rep2,D22,0,1,0
F1,'+GD,rep3,D22,0,0,0
EA,'-GD,rep1,D22,502,"5,674",0
EA,'-GD,rep2,D22,603,"6,005",0
EA,'-GD,rep3,D22,238,"5,792",0
EA,'+GD,rep1,D22,0,1,0
EA,'+GD,rep2,D22,0,0,0
EA,'+GD,rep3,D22,1,0,0
F2,'-GD,rep1,D22,2,4,0
F2,'-GD,rep2,D22,12,76,0
F2,'-GD,rep3,D22,2,50,0
F2,'+GD,rep1,D22,0,0,0
F2,'+GD,rep2,D22,0,0,0
F2,'+GD,rep3,D22,0,0,1
CR,'-GD,rep1,D22,10,96,0
CR,'-GD,rep2,D22,89,901,0
CR,'-GD,rep3,D22,68,438,0
CR,'+GD,rep1,D22,0,0,1
CR,'+GD,rep2,D22,0,1,1
CR,'+GD,rep3,D22,0,1,0
F3,'-GD,rep1,D22,2,1,0
F3,'-GD,rep2,D22,0,21,0
F3,'-GD,rep3,D22,0,3,0
F3,'+GD,rep1,D22,2,0,0
F3,'+GD,rep2,D22,1,0,0
F3,'+GD,rep3,D22,0,0,1
CT,'-GD,rep1,D22,4,100,0
CT,'-GD,rep2,D22,45,64,0
CT,'-GD,rep3,D22,15,145,0
CT,'+GD,rep1,D22,1,0,0
CT,'+GD,rep2,D22,0,1,4
CT,'+GD,rep3,D22,1,2,1
F4,'-GD,rep1,D22,3,8,0
F4,'-GD,rep2,D22,0,10,0
F4,'-GD,rep3,D22,3,7,0
F4,'+GD,rep1,D22,2,9,8
F4,'+GD,rep2,D22,1,2,6
F4,'+GD,rep3,D22,1,0,3
BV,'-GD,rep1,D22,0,1,0
BV,'-GD,rep2,D22,0,1,0
BV,'-GD,rep3,D22,0,1,0
BV,'+GD,rep1,D22,1,0,2
BV,'+GD,rep2,D22,1,0,0
BV,'+GD,rep3,D22,0,0,0
F1,'-GD,rep1,D24,338,"7,160",0
F1,'-GD,rep2,D24,229,"7,494",0
F1,'-GD,rep3,D24,559,"6,998",0
F1,'+GD,rep1,D24,0,0,0
F1,'+GD,rep2,D24,1,0,0
F1,'+GD,rep3,D24,0,0,0
EA,'-GD,rep1,D24,676,"7,778",0
EA,'-GD,rep2,D24,679,"6,762",0
EA,'-GD,rep3,D24,306,"7,863",0
EA,'+GD,rep1,D24,2,0,0
EA,'+GD,rep2,D24,0,0,0
EA,'+GD,rep3,D24,1,0,0
F2,'-GD,rep1,D24,0,7,0
F2,'-GD,rep2,D24,43,235,0
F2,'-GD,rep3,D24,9,133,0
F2,'+GD,rep1,D24,1,0,0
F2,'+GD,rep2,D24,0,0,0
F2,'+GD,rep3,D24,0,0,0
CR,'-GD,rep1,D24,41,402,0
CR,'-GD,rep2,D24,418,"3,357",0
CR,'-GD,rep3,D24,296,"1,954",0
CR,'+GD,rep1,D24,0,0,0
CR,'+GD,rep2,D24,0,1,0
CR,'+GD,rep3,D24,0,0,0
F3,'-GD,rep1,D24,1,2,0
F3,'-GD,rep2,D24,1,105,0
F3,'-GD,rep3,D24,1,4,0
F3,'+GD,rep1,D24,0,0,0
F3,'+GD,rep2,D24,0,0,0
F3,'+GD,rep3,D24,0,0,0
CT,'-GD,rep1,D24,12,262,0
CT,'-GD,rep2,D24,235,233,0
CT,'-GD,rep3,D24,73,668,0
CT,'+GD,rep1,D24,0,0,1
CT,'+GD,rep2,D24,1,0,0
CT,'+GD,rep3,D24,0,0,0
F4,'-GD,rep1,D24,7,15,0
F4,'-GD,rep2,D24,1,7,0
F4,'-GD,rep3,D24,1,18,0
F4,'+GD,rep1,D24,0,0,0
F4,'+GD,rep2,D24,0,0,0
F4,'+GD,rep3,D24,0,0,0
BV,'-GD,rep1,D24,0,0,0
BV,'-GD,rep2,D24,0,2,0
BV,'-GD,rep3,D24,0,0,0
BV,'+GD,rep1,D24,0,1,0
BV,'+GD,rep2,D24,1,0,0
BV,'+GD,rep3,D24,0,0,0