customer_aa_position,wt,wt_aa,variant,variant_aa,variant_proportion
718,CTG,L,GCC,A,0.0%
718,CTG,L,TGC,C,0.0%
718,CTG,L,GAC,D,0.0%
718,CTG,L,GAG,E,0.0%
718,CTG,L,TTC,F,0.0%
718,CTG,L,GGC,G,0.0%
718,CTG,L,CAC,H,0.0%
718,CTG,L,ATC,I,0.0%
718,CTG,L,AAG,K,0.0%
718,CTG,L,ATG,M,0.0%
718,CTG,L,AAC,N,0.0%
718,CTG,L,CCC,P,0.0%
718,CTG,L,CAG,Q,0.0%
718,CTG,L,AGA,R,0.0%
718,CTG,L,AGC,S,0.0%
718,CTG,L,ACC,T,0.0%
718,CTG,L,GTG,V,0.0%
718,CTG,L,TGG,W,0.0%
718,CTG,L,TAC,Y,0.0%
719,GGC,G,GCC,A,4.6%
719,GGC,G,TGC,C,15.8%
719,GGC,G,GAC,D,5.2%
719,GGC,G,GAG,E,2.2%
719,GGC,G,TTC,F,4.0%
719,GGC,G,CAC,H,2.4%
719,GGC,G,ATC,I,4.3%
719,GGC,G,AAG,K,5.1%
719,GGC,G,CTG,L,6.1%
719,GGC,G,ATG,M,5.9%
719,GGC,G,AAC,N,2.8%
719,GGC,G,CCC,P,3.1%
719,GGC,G,CAG,Q,4.4%
719,GGC,G,AGA,R,4.9%
719,GGC,G,AGC,S,9.6%
719,GGC,G,ACC,T,6.2%
719,GGC,G,GTG,V,4.2%
719,GGC,G,TGG,W,5.6%
719,GGC,G,TAC,Y,3.6%
720,TCC,S,GCC,A,11.0%
720,TCC,S,TGC,C,9.4%
720,TCC,S,GAC,D,4.3%
720,TCC,S,GAG,E,2.6%
720,TCC,S,TTC,F,4.8%
720,TCC,S,GGC,G,1.7%
720,TCC,S,CAC,H,3.6%
720,TCC,S,ATC,I,3.1%
720,TCC,S,AAG,K,3.0%
720,TCC,S,CTG,L,2.3%
720,TCC,S,ATG,M,5.4%
720,TCC,S,AAC,N,4.0%
720,TCC,S,CCC,P,10.5%
720,TCC,S,CAG,Q,3.0%
720,TCC,S,AGA,R,4.8%
720,TCC,S,ACC,T,6.3%
720,TCC,S,GTG,V,3.9%
720,TCC,S,TGG,W,4.1%
720,TCC,S,TAC,Y,12.2%
721,GGT,G,GCC,A,2.3%
721,GGT,G,TGC,C,3.8%
721,GGT,G,GAC,D,4.0%
721,GGT,G,GAG,E,8.5%
721,GGT,G,TTC,F,5.1%
721,GGT,G,CAC,H,6.6%
721,GGT,G,ATC,I,4.3%
721,GGT,G,AAG,K,5.8%
721,GGT,G,CTG,L,4.9%
721,GGT,G,ATG,M,11.1%
721,GGT,G,AAC,N,8.7%
721,GGT,G,CCC,P,2.1%
721,GGT,G,CAG,Q,4.7%
721,GGT,G,AGA,R,2.3%
721,GGT,G,AGC,S,5.0%
721,GGT,G,ACC,T,5.9%
721,GGT,G,GTG,V,1.2%
721,GGT,G,TGG,W,6.5%
721,GGT,G,TAC,Y,7.1%
722,GCG,A,TGC,C,5.0%
722,GCG,A,GAC,D,5.5%
722,GCG,A,GAG,E,7.4%
722,GCG,A,TTC,F,3.7%
722,GCG,A,GGC,G,5.3%
722,GCG,A,CAC,H,8.3%
722,GCG,A,ATC,I,4.9%
722,GCG,A,AAG,K,4.6%
722,GCG,A,CTG,L,5.4%
722,GCG,A,ATG,M,2.7%
722,GCG,A,AAC,N,1.6%
722,GCG,A,CCC,P,2.3%
722,GCG,A,CAG,Q,6.2%
722,GCG,A,AGA,R,7.0%
722,GCG,A,AGC,S,3.9%
722,GCG,A,ACC,T,6.0%
722,GCG,A,GTG,V,8.3%
722,GCG,A,TGG,W,5.8%
722,GCG,A,TAC,Y,6.3%
723,TTC,F,GCC,A,2.3%
723,TTC,F,TGC,C,12.9%
723,TTC,F,GAC,D,2.9%
723,TTC,F,GAG,E,6.2%
723,TTC,F,GGC,G,4.9%
723,TTC,F,CAC,H,5.9%
723,TTC,F,ATC,I,4.8%
723,TTC,F,AAG,K,7.8%
723,TTC,F,CTG,L,2.7%
723,TTC,F,ATG,M,4.7%
723,TTC,F,AAC,N,4.8%
723,TTC,F,CCC,P,3.8%
723,TTC,F,CAG,Q,4.6%
723,TTC,F,AGA,R,4.4%
723,TTC,F,AGC,S,2.7%
723,TTC,F,ACC,T,2.5%
723,TTC,F,GTG,V,3.4%
723,TTC,F,TGG,W,6.1%
723,TTC,F,TAC,Y,12.5%
724,GGC,G,GCC,A,4.7%
724,GGC,G,TGC,C,8.6%
724,GGC,G,GAC,D,8.0%
724,GGC,G,GAG,E,8.2%
724,GGC,G,TTC,F,5.3%
724,GGC,G,CAC,H,5.3%
724,GGC,G,ATC,I,5.2%
724,GGC,G,AAG,K,5.4%
724,GGC,G,CTG,L,2.1%
724,GGC,G,ATG,M,3.8%
724,GGC,G,AAC,N,4.6%
724,GGC,G,CCC,P,2.1%
724,GGC,G,CAG,Q,7.6%
724,GGC,G,AGA,R,5.3%
724,GGC,G,AGC,S,4.9%
724,GGC,G,ACC,T,2.0%
724,GGC,G,GTG,V,7.2%
724,GGC,G,TGG,W,4.8%
724,GGC,G,TAC,Y,4.9%
725,ACG,T,GCC,A,7.5%
725,ACG,T,TGC,C,2.6%
725,ACG,T,GAC,D,4.6%
725,ACG,T,GAG,E,2.1%
725,ACG,T,TTC,F,5.3%
725,ACG,T,GGC,G,4.0%
725,ACG,T,CAC,H,6.4%
725,ACG,T,ATC,I,2.6%
725,ACG,T,AAG,K,11.6%
725,ACG,T,CTG,L,7.1%
725,ACG,T,ATG,M,9.2%
725,ACG,T,AAC,N,2.4%
725,ACG,T,CCC,P,1.2%
725,ACG,T,CAG,Q,5.0%
725,ACG,T,AGA,R,6.6%
725,ACG,T,AGC,S,2.3%
725,ACG,T,GTG,V,8.7%
725,ACG,T,TGG,W,5.5%
725,ACG,T,TAC,Y,5.3%
726,GTG,V,GCC,A,2.6%
726,GTG,V,TGC,C,3.9%
726,GTG,V,GAC,D,6.1%
726,GTG,V,GAG,E,12.8%
726,GTG,V,TTC,F,3.8%
726,GTG,V,GGC,G,5.9%
726,GTG,V,CAC,H,1.3%
726,GTG,V,ATC,I,6.8%
726,GTG,V,AAG,K,5.8%
726,GTG,V,CTG,L,6.3%
726,GTG,V,ATG,M,9.2%
726,GTG,V,AAC,N,4.2%
726,GTG,V,CCC,P,2.6%
726,GTG,V,CAG,Q,4.6%
726,GTG,V,AGA,R,4.7%
726,GTG,V,AGC,S,5.8%
726,GTG,V,ACC,T,4.2%
726,GTG,V,TGG,W,6.2%
726,GTG,V,TAC,Y,3.1%
727,TAT,Y,GCC,A,7.2%
727,TAT,Y,TGC,C,5.9%
727,TAT,Y,GAC,D,7.5%
727,TAT,Y,GAG,E,3.7%
727,TAT,Y,TTC,F,2.5%
727,TAT,Y,GGC,G,5.1%
727,TAT,Y,CAC,H,7.0%
727,TAT,Y,ATC,I,7.2%
727,TAT,Y,AAG,K,6.1%
727,TAT,Y,CTG,L,3.2%
727,TAT,Y,ATG,M,4.6%
727,TAT,Y,AAC,N,4.8%
727,TAT,Y,CCC,P,5.4%
727,TAT,Y,CAG,Q,5.1%
727,TAT,Y,AGA,R,3.1%
727,TAT,Y,AGC,S,6.2%
727,TAT,Y,ACC,T,4.7%
727,TAT,Y,GTG,V,5.1%
727,TAT,Y,TGG,W,5.7%
728,AAG,K,GCC,A,6.0%
728,AAG,K,TGC,C,6.5%
728,AAG,K,GAC,D,7.6%
728,AAG,K,GAG,E,6.8%
728,AAG,K,TTC,F,3.4%
728,AAG,K,GGC,G,3.0%
728,AAG,K,CAC,H,2.7%
728,AAG,K,ATC,I,3.9%
728,AAG,K,CTG,L,2.4%
728,AAG,K,ATG,M,10.5%
728,AAG,K,AAC,N,5.9%
728,AAG,K,CCC,P,6.4%
728,AAG,K,CAG,Q,8.2%
728,AAG,K,AGA,R,3.3%
728,AAG,K,AGC,S,5.4%
728,AAG,K,ACC,T,3.5%
728,AAG,K,GTG,V,6.1%
728,AAG,K,TGG,W,5.8%
728,AAG,K,TAC,Y,2.8%
729,GGA,G,GCC,A,2.6%
729,GGA,G,TGC,C,6.1%
729,GGA,G,GAC,D,4.8%
729,GGA,G,GAG,E,7.0%
729,GGA,G,TTC,F,6.9%
729,GGA,G,CAC,H,2.0%
729,GGA,G,ATC,I,1.8%
729,GGA,G,AAG,K,6.4%
729,GGA,G,CTG,L,2.5%
729,GGA,G,ATG,M,5.6%
729,GGA,G,AAC,N,5.1%
729,GGA,G,CCC,P,4.5%
729,GGA,G,CAG,Q,3.7%
729,GGA,G,AGA,R,12.6%
729,GGA,G,AGC,S,6.9%
729,GGA,G,ACC,T,4.2%
729,GGA,G,GTG,V,5.5%
729,GGA,G,TGG,W,5.3%
729,GGA,G,TAC,Y,6.8%
730,CTC,L,GCC,A,7.1%
730,CTC,L,TGC,C,6.5%
730,CTC,L,GAC,D,4.2%
730,CTC,L,GAG,E,2.1%
730,CTC,L,TTC,F,6.8%
730,CTC,L,GGC,G,4.5%
730,CTC,L,CAC,H,6.1%
730,CTC,L,ATC,I,11.9%
730,CTC,L,AAG,K,3.5%
730,CTC,L,ATG,M,4.4%
730,CTC,L,AAC,N,4.0%
730,CTC,L,CCC,P,8.0%
730,CTC,L,CAG,Q,4.1%
730,CTC,L,AGA,R,3.8%
730,CTC,L,AGC,S,6.7%
730,CTC,L,ACC,T,2.7%
730,CTC,L,GTG,V,3.0%
730,CTC,L,TGG,W,4.4%
730,CTC,L,TAC,Y,6.2%
731,TGG,W,GCC,A,2.8%
731,TGG,W,TGC,C,7.6%
731,TGG,W,GAC,D,5.3%
731,TGG,W,GAG,E,5.9%
731,TGG,W,TTC,F,3.1%
731,TGG,W,GGC,G,4.0%
731,TGG,W,CAC,H,7.2%
731,TGG,W,ATC,I,6.2%
731,TGG,W,AAG,K,9.4%
731,TGG,W,CTG,L,3.6%
731,TGG,W,ATG,M,2.4%
731,TGG,W,AAC,N,4.2%
731,TGG,W,CCC,P,5.8%
731,TGG,W,CAG,Q,6.2%
731,TGG,W,AGA,R,6.1%
731,TGG,W,AGC,S,6.0%
731,TGG,W,ACC,T,5.5%
731,TGG,W,GTG,V,4.8%
731,TGG,W,TAC,Y,3.7%
732,ATC,I,GCC,A,4.6%
732,ATC,I,TGC,C,5.0%
732,ATC,I,GAC,D,4.5%
732,ATC,I,GAG,E,5.2%
732,ATC,I,TTC,F,8.2%
732,ATC,I,GGC,G,2.6%
732,ATC,I,CAC,H,3.2%
732,ATC,I,AAG,K,2.5%
732,ATC,I,CTG,L,5.1%
732,ATC,I,ATG,M,7.5%
732,ATC,I,AAC,N,7.3%
732,ATC,I,CCC,P,3.3%
732,ATC,I,CAG,Q,4.1%
732,ATC,I,AGA,R,4.8%
732,ATC,I,AGC,S,8.1%
732,ATC,I,ACC,T,6.1%
732,ATC,I,GTG,V,5.8%
732,ATC,I,TGG,W,5.8%
732,ATC,I,TAC,Y,6.3%
733,CCA,P,GCC,A,7.2%
733,CCA,P,TGC,C,2.8%
733,CCA,P,GAC,D,3.1%
733,CCA,P,GAG,E,2.5%
733,CCA,P,TTC,F,8.6%
733,CCA,P,GGC,G,4.8%
733,CCA,P,CAC,H,4.2%
733,CCA,P,ATC,I,6.8%
733,CCA,P,AAG,K,4.3%
733,CCA,P,CTG,L,5.6%
733,CCA,P,ATG,M,6.3%
733,CCA,P,AAC,N,5.9%
733,CCA,P,CAG,Q,6.3%
733,CCA,P,AGA,R,4.8%
733,CCA,P,AGC,S,5.7%
733,CCA,P,ACC,T,5.0%
733,CCA,P,GTG,V,5.4%
733,CCA,P,TGG,W,4.3%
733,CCA,P,TAC,Y,6.4%
734,GAA,E,GCC,A,7.7%
734,GAA,E,TGC,C,4.4%
734,GAA,E,GAC,D,12.8%
734,GAA,E,TTC,F,4.6%
734,GAA,E,GGC,G,4.4%
734,GAA,E,CAC,H,2.6%
734,GAA,E,ATC,I,3.0%
734,GAA,E,AAG,K,5.8%
734,GAA,E,CTG,L,6.5%
734,GAA,E,ATG,M,6.3%
734,GAA,E,AAC,N,2.0%
734,GAA,E,CCC,P,5.2%
734,GAA,E,CAG,Q,5.4%
734,GAA,E,AGA,R,1.6%
734,GAA,E,AGC,S,5.4%
734,GAA,E,ACC,T,6.0%
734,GAA,E,GTG,V,4.3%
734,GAA,E,TGG,W,6.3%
734,GAA,E,TAC,Y,5.8%
735,GGT,G,GCC,A,6.4%
735,GGT,G,TGC,C,9.1%
735,GGT,G,GAC,D,2.5%
735,GGT,G,GAG,E,5.9%
735,GGT,G,TTC,F,3.2%
735,GGT,G,CAC,H,6.2%
735,GGT,G,ATC,I,4.7%
735,GGT,G,AAG,K,5.3%
735,GGT,G,CTG,L,3.9%
735,GGT,G,ATG,M,3.7%
735,GGT,G,AAC,N,5.7%
735,GGT,G,CCC,P,3.3%
735,GGT,G,CAG,Q,3.7%
735,GGT,G,AGA,R,5.5%
735,GGT,G,AGC,S,3.9%
735,GGT,G,ACC,T,6.3%
735,GGT,G,GTG,V,7.9%
735,GGT,G,TGG,W,8.8%
735,GGT,G,TAC,Y,3.9%
736,GAG,E,GCC,A,6.7%
736,GAG,E,TGC,C,5.7%
736,GAG,E,GAC,D,8.9%
736,GAG,E,TTC,F,4.4%
736,GAG,E,GGC,G,5.6%
736,GAG,E,CAC,H,4.6%
736,GAG,E,ATC,I,3.7%
736,GAG,E,AAG,K,7.9%
736,GAG,E,CTG,L,4.5%
736,GAG,E,ATG,M,2.4%
736,GAG,E,AAC,N,2.5%
736,GAG,E,CCC,P,6.6%
736,GAG,E,CAG,Q,4.0%
736,GAG,E,AGA,R,3.7%
736,GAG,E,AGC,S,4.6%
736,GAG,E,ACC,T,4.6%
736,GAG,E,GTG,V,12.3%
736,GAG,E,TGG,W,5.3%
736,GAG,E,TAC,Y,1.9%
737,AAA,K,GCC,A,6.3%
737,AAA,K,TGC,C,4.2%
737,AAA,K,GAC,D,2.0%
737,AAA,K,GAG,E,4.9%
737,AAA,K,TTC,F,3.6%
737,AAA,K,GGC,G,7.3%
737,AAA,K,CAC,H,5.0%
737,AAA,K,ATC,I,3.1%
737,AAA,K,CTG,L,3.0%
737,AAA,K,ATG,M,5.6%
737,AAA,K,AAC,N,8.9%
737,AAA,K,CCC,P,2.1%
737,AAA,K,CAG,Q,6.5%
737,AAA,K,AGA,R,7.0%
737,AAA,K,AGC,S,11.0%
737,AAA,K,ACC,T,5.5%
737,AAA,K,GTG,V,6.8%
737,AAA,K,TGG,W,3.9%
737,AAA,K,TAC,Y,3.4%
738,GTT,V,GCC,A,8.0%
738,GTT,V,TGC,C,4.4%
738,GTT,V,GAC,D,6.7%
738,GTT,V,GAG,E,8.1%
738,GTT,V,TTC,F,3.8%
738,GTT,V,GGC,G,3.2%
738,GTT,V,CAC,H,5.7%
738,GTT,V,ATC,I,4.9%
738,GTT,V,AAG,K,2.6%
738,GTT,V,CTG,L,6.8%
738,GTT,V,ATG,M,6.5%
738,GTT,V,AAC,N,7.5%
738,GTT,V,CCC,P,2.8%
738,GTT,V,CAG,Q,1.6%
738,GTT,V,AGA,R,5.5%
738,GTT,V,AGC,S,8.0%
738,GTT,V,ACC,T,4.9%
738,GTT,V,TGG,W,4.5%
738,GTT,V,TAC,Y,4.4%
739,AAA,K,GCC,A,5.1%
739,AAA,K,TGC,C,5.2%
739,AAA,K,GAC,D,5.8%
739,AAA,K,GAG,E,3.8%
739,AAA,K,TTC,F,3.2%
739,AAA,K,GGC,G,4.8%
739,AAA,K,CAC,H,7.0%
739,AAA,K,ATC,I,6.4%
739,AAA,K,CTG,L,5.6%
739,AAA,K,ATG,M,4.9%
739,AAA,K,AAC,N,9.0%
739,AAA,K,CCC,P,3.5%
739,AAA,K,CAG,Q,2.7%
739,AAA,K,AGA,R,7.1%
739,AAA,K,AGC,S,5.1%
739,AAA,K,ACC,T,3.4%
739,AAA,K,GTG,V,10.0%
739,AAA,K,TGG,W,2.9%
739,AAA,K,TAC,Y,4.4%
740,ATT,I,GCC,A,6.2%
740,ATT,I,TGC,C,5.4%
740,ATT,I,GAC,D,2.1%
740,ATT,I,GAG,E,5.3%
740,ATT,I,TTC,F,3.6%
740,ATT,I,GGC,G,6.9%
740,ATT,I,CAC,H,4.3%
740,ATT,I,AAG,K,4.7%
740,ATT,I,CTG,L,8.5%
740,ATT,I,ATG,M,8.7%
740,ATT,I,AAC,N,4.1%
740,ATT,I,CCC,P,2.9%
740,ATT,I,CAG,Q,5.6%
740,ATT,I,AGA,R,3.9%
740,ATT,I,AGC,S,2.1%
740,ATT,I,ACC,T,2.0%
740,ATT,I,GTG,V,10.1%
740,ATT,I,TGG,W,7.9%
740,ATT,I,TAC,Y,5.7%
741,CCC,P,GCC,A,4.5%
741,CCC,P,TGC,C,4.0%
741,CCC,P,GAC,D,2.6%
741,CCC,P,GAG,E,4.4%
741,CCC,P,TTC,F,3.5%
741,CCC,P,GGC,G,7.5%
741,CCC,P,CAC,H,11.7%
741,CCC,P,ATC,I,5.1%
741,CCC,P,AAG,K,6.5%
741,CCC,P,CTG,L,4.0%
741,CCC,P,ATG,M,3.5%
741,CCC,P,AAC,N,3.2%
741,CCC,P,CAG,Q,6.0%
741,CCC,P,AGA,R,1.1%
741,CCC,P,AGC,S,4.6%
741,CCC,P,ACC,T,12.8%
741,CCC,P,GTG,V,4.1%
741,CCC,P,TGG,W,5.0%
741,CCC,P,TAC,Y,6.0%
742,GTC,V,GCC,A,7.9%
742,GTC,V,TGC,C,4.8%
742,GTC,V,GAC,D,6.2%
742,GTC,V,GAG,E,1.7%
742,GTC,V,TTC,F,10.1%
742,GTC,V,GGC,G,11.3%
742,GTC,V,CAC,H,3.8%
742,GTC,V,ATC,I,5.1%
742,GTC,V,AAG,K,5.1%
742,GTC,V,CTG,L,4.8%
742,GTC,V,ATG,M,4.3%
742,GTC,V,AAC,N,4.4%
742,GTC,V,CCC,P,3.6%
742,GTC,V,CAG,Q,1.9%
742,GTC,V,AGA,R,3.5%
742,GTC,V,AGC,S,7.5%
742,GTC,V,ACC,T,5.0%
742,GTC,V,TGG,W,4.5%
742,GTC,V,TAC,Y,4.3%
743,GCT,A,TGC,C,5.8%
743,GCT,A,GAC,D,6.3%
743,GCT,A,GAG,E,9.7%
743,GCT,A,TTC,F,4.2%
743,GCT,A,GGC,G,4.0%
743,GCT,A,CAC,H,5.9%
743,GCT,A,ATC,I,3.0%
743,GCT,A,AAG,K,2.7%
743,GCT,A,CTG,L,7.3%
743,GCT,A,ATG,M,4.3%
743,GCT,A,AAC,N,6.1%
743,GCT,A,CCC,P,12.1%
743,GCT,A,CAG,Q,7.0%
743,GCT,A,AGA,R,4.0%
743,GCT,A,AGC,S,3.1%
743,GCT,A,ACC,T,5.7%
743,GCT,A,GTG,V,2.5%
743,GCT,A,TGG,W,1.7%
743,GCT,A,TAC,Y,4.7%
744,ATC,I,GCC,A,5.3%
744,ATC,I,TGC,C,3.4%
744,ATC,I,GAC,D,4.7%
744,ATC,I,GAG,E,8.5%
744,ATC,I,TTC,F,6.2%
744,ATC,I,GGC,G,5.1%
744,ATC,I,CAC,H,3.1%
744,ATC,I,AAG,K,3.6%
744,ATC,I,CTG,L,4.0%
744,ATC,I,ATG,M,6.0%
744,ATC,I,AAC,N,8.8%
744,ATC,I,CCC,P,2.2%
744,ATC,I,CAG,Q,4.8%
744,ATC,I,AGA,R,4.1%
744,ATC,I,AGC,S,8.6%
744,ATC,I,ACC,T,7.2%
744,ATC,I,GTG,V,5.5%
744,ATC,I,TGG,W,4.5%
744,ATC,I,TAC,Y,4.6%
745,AAG,K,GCC,A,6.5%
745,AAG,K,TGC,C,2.3%
745,AAG,K,GAC,D,7.8%
745,AAG,K,GAG,E,9.0%
745,AAG,K,TTC,F,3.1%
745,AAG,K,GGC,G,5.5%
745,AAG,K,CAC,H,4.6%
745,AAG,K,ATC,I,5.7%
745,AAG,K,CTG,L,3.8%
745,AAG,K,ATG,M,9.0%
745,AAG,K,AAC,N,4.6%
745,AAG,K,CCC,P,4.3%
745,AAG,K,CAG,Q,12.1%
745,AAG,K,AGA,R,2.3%
745,AAG,K,AGC,S,1.1%
745,AAG,K,ACC,T,5.3%
745,AAG,K,GTG,V,6.2%
745,AAG,K,TGG,W,4.2%
745,AAG,K,TAC,Y,2.5%
746,GAA,E,GCC,A,7.8%
746,GAA,E,TGC,C,4.5%
746,GAA,E,GAC,D,12.6%
746,GAA,E,TTC,F,3.7%
746,GAA,E,GGC,G,5.7%
746,GAA,E,CAC,H,4.5%
746,GAA,E,ATC,I,4.2%
746,GAA,E,AAG,K,7.4%
746,GAA,E,CTG,L,3.2%
746,GAA,E,ATG,M,4.6%
746,GAA,E,AAC,N,4.3%
746,GAA,E,CCC,P,3.6%
746,GAA,E,CAG,Q,3.6%
746,GAA,E,AGA,R,2.5%
746,GAA,E,AGC,S,4.7%
746,GAA,E,ACC,T,2.0%
746,GAA,E,GTG,V,5.7%
746,GAA,E,TGG,W,9.8%
746,GAA,E,TAC,Y,5.6%
747,TTA,L,GCC,A,3.3%
747,TTA,L,TGC,C,2.3%
747,TTA,L,GAC,D,5.7%
747,TTA,L,GAG,E,2.8%
747,TTA,L,TTC,F,11.3%
747,TTA,L,GGC,G,5.5%
747,TTA,L,CAC,H,5.0%
747,TTA,L,ATC,I,3.4%
747,TTA,L,AAG,K,5.4%
747,TTA,L,ATG,M,4.1%
747,TTA,L,AAC,N,3.9%
747,TTA,L,CCC,P,4.5%
747,TTA,L,CAG,Q,7.5%
747,TTA,L,AGA,R,1.6%
747,TTA,L,AGC,S,7.6%
747,TTA,L,ACC,T,8.8%
747,TTA,L,GTG,V,3.9%
747,TTA,L,TGG,W,5.5%
747,TTA,L,TAC,Y,7.6%
748,AGA,R,GCC,A,2.2%
748,AGA,R,TGC,C,3.4%
748,AGA,R,GAC,D,6.1%
748,AGA,R,GAG,E,5.5%
748,AGA,R,TTC,F,4.4%
748,AGA,R,GGC,G,3.4%
748,AGA,R,CAC,H,2.7%
748,AGA,R,ATC,I,3.4%
748,AGA,R,AAG,K,7.1%
748,AGA,R,CTG,L,4.0%
748,AGA,R,ATG,M,4.1%
748,AGA,R,AAC,N,2.5%
748,AGA,R,CCC,P,12.7%
748,AGA,R,CAG,Q,3.3%
748,AGA,R,AGC,S,18.8%
748,AGA,R,ACC,T,5.2%
748,AGA,R,GTG,V,4.2%
748,AGA,R,TGG,W,5.8%
748,AGA,R,TAC,Y,1.1%
749,GAA,E,GCC,A,7.6%
749,GAA,E,TGC,C,2.6%
749,GAA,E,GAC,D,11.3%
749,GAA,E,TTC,F,5.3%
749,GAA,E,GGC,G,5.4%
749,GAA,E,CAC,H,2.5%
749,GAA,E,ATC,I,7.0%
749,GAA,E,AAG,K,4.6%
749,GAA,E,CTG,L,3.5%
749,GAA,E,ATG,M,3.5%
749,GAA,E,AAC,N,3.8%
749,GAA,E,CCC,P,6.7%
749,GAA,E,CAG,Q,5.9%
749,GAA,E,AGA,R,3.9%
749,GAA,E,AGC,S,4.1%
749,GAA,E,ACC,T,4.1%
749,GAA,E,GTG,V,4.6%
749,GAA,E,TGG,W,8.3%
749,GAA,E,TAC,Y,5.2%
750,GCA,A,TGC,C,5.7%
750,GCA,A,GAC,D,10.1%
750,GCA,A,GAG,E,6.5%
750,GCA,A,TTC,F,3.7%
750,GCA,A,GGC,G,7.0%
750,GCA,A,CAC,H,5.1%
750,GCA,A,ATC,I,9.0%
750,GCA,A,AAG,K,4.2%
750,GCA,A,CTG,L,4.7%
750,GCA,A,ATG,M,2.9%
750,GCA,A,AAC,N,2.6%
750,GCA,A,CCC,P,1.1%
750,GCA,A,CAG,Q,5.6%
750,GCA,A,AGA,R,5.9%
750,GCA,A,AGC,S,4.2%
750,GCA,A,ACC,T,7.5%
750,GCA,A,GTG,V,3.9%
750,GCA,A,TGG,W,4.4%
750,GCA,A,TAC,Y,6.1%
751,ACA,T,GCC,A,6.3%
751,ACA,T,TGC,C,4.8%
751,ACA,T,GAC,D,3.6%
751,ACA,T,GAG,E,2.3%
751,ACA,T,TTC,F,3.1%
751,ACA,T,GGC,G,4.0%
751,ACA,T,CAC,H,10.8%
751,ACA,T,ATC,I,10.0%
751,ACA,T,AAG,K,5.8%
751,ACA,T,CTG,L,4.8%
751,ACA,T,ATG,M,3.6%
751,ACA,T,AAC,N,3.8%
751,ACA,T,CCC,P,7.4%
751,ACA,T,CAG,Q,5.9%
751,ACA,T,AGA,R,6.1%
751,ACA,T,AGC,S,1.8%
751,ACA,T,GTG,V,3.3%
751,ACA,T,TGG,W,5.5%
751,ACA,T,TAC,Y,7.1%
752,TCT,S,GCC,A,8.3%
752,TCT,S,TGC,C,5.3%
752,TCT,S,GAC,D,6.3%
752,TCT,S,GAG,E,2.7%
752,TCT,S,TTC,F,4.3%
752,TCT,S,GGC,G,3.6%
752,TCT,S,CAC,H,8.6%
752,TCT,S,ATC,I,8.4%
752,TCT,S,AAG,K,5.3%
752,TCT,S,CTG,L,3.6%
752,TCT,S,ATG,M,7.5%
752,TCT,S,AAC,N,5.2%
752,TCT,S,CCC,P,2.7%
752,TCT,S,CAG,Q,7.8%
752,TCT,S,AGA,R,3.0%
752,TCT,S,ACC,T,4.4%
752,TCT,S,GTG,V,4.3%
752,TCT,S,TGG,W,5.3%
752,TCT,S,TAC,Y,3.5%
753,CCG,P,GCC,A,9.2%
753,CCG,P,TGC,C,3.9%
753,CCG,P,GAC,D,5.0%
753,CCG,P,GAG,E,3.5%
753,CCG,P,TTC,F,3.3%
753,CCG,P,GGC,G,2.2%
753,CCG,P,CAC,H,2.1%
753,CCG,P,ATC,I,6.4%
753,CCG,P,AAG,K,6.2%
753,CCG,P,CTG,L,8.5%
753,CCG,P,ATG,M,2.5%
753,CCG,P,AAC,N,3.3%
753,CCG,P,CAG,Q,12.6%
753,CCG,P,AGG,R,4.2%
753,CCG,P,AGC,S,5.8%
753,CCG,P,ACC,T,7.0%
753,CCG,P,GTG,V,4.4%
753,CCG,P,TGG,W,6.1%
753,CCG,P,TAC,Y,3.7%
754,AAA,K,GCC,A,5.1%
754,AAA,K,TGC,C,9.2%
754,AAA,K,GAC,D,6.5%
754,AAA,K,GAG,E,1.8%
754,AAA,K,TTC,F,3.5%
754,AAA,K,GGC,G,7.8%
754,AAA,K,CAC,H,4.3%
754,AAA,K,ATC,I,5.2%
754,AAA,K,CTG,L,5.8%
754,AAA,K,ATG,M,1.5%
754,AAA,K,AAC,N,9.9%
754,AAA,K,CCC,P,8.3%
754,AAA,K,CAG,Q,0.7%
754,AAA,K,AGA,R,5.7%
754,AAA,K,AGC,S,5.0%
754,AAA,K,ACC,T,5.2%
754,AAA,K,GTG,V,4.8%
754,AAA,K,TGG,W,3.9%
754,AAA,K,TAC,Y,5.6%
755,GCC,A,TGC,C,4.0%
755,GCC,A,GAC,D,11.6%
755,GCC,A,GAG,E,3.7%
755,GCC,A,TTC,F,5.2%
755,GCC,A,GGC,G,5.7%
755,GCC,A,CAC,H,2.3%
755,GCC,A,ATC,I,4.3%
755,GCC,A,AAG,K,8.9%
755,GCC,A,CTG,L,4.5%
755,GCC,A,ATG,M,1.7%
755,GCC,A,AAC,N,5.0%
755,GCC,A,CCC,P,6.5%
755,GCC,A,CAG,Q,3.8%
755,GCC,A,AGA,R,2.2%
755,GCC,A,AGC,S,5.0%
755,GCC,A,ACC,T,12.0%
755,GCC,A,GTG,V,4.1%
755,GCC,A,TGG,W,3.8%
755,GCC,A,TAC,Y,5.5%
756,AAC,N,GCC,A,4.0%
756,AAC,N,TGC,C,5.6%
756,AAC,N,GAC,D,5.0%
756,AAC,N,GAG,E,4.4%
756,AAC,N,TTC,F,1.8%
756,AAC,N,GGC,G,3.2%
756,AAC,N,CAC,H,6.0%
756,AAC,N,ATC,I,4.8%
756,AAC,N,AAG,K,4.9%
756,AAC,N,CTG,L,5.9%
756,AAC,N,ATG,M,4.0%
756,AAC,N,CCC,P,7.5%
756,AAC,N,CAG,Q,8.0%
756,AAC,N,AGA,R,2.9%
756,AAC,N,AGC,S,7.2%
756,AAC,N,ACC,T,8.2%
756,AAC,N,GTG,V,4.9%
756,AAC,N,TGG,W,4.6%
756,AAC,N,TAC,Y,7.3%
757,AAG,K,GCC,A,2.7%
757,AAG,K,TGC,C,4.6%
757,AAG,K,GAC,D,5.7%
757,AAG,K,GAG,E,10.1%
757,AAG,K,TTC,F,6.7%
757,AAG,K,GGC,G,2.1%
757,AAG,K,CAC,H,3.9%
757,AAG,K,ATC,I,7.6%
757,AAG,K,CTG,L,3.0%
757,AAG,K,ATG,M,5.0%
757,AAG,K,AAC,N,4.9%
757,AAG,K,CCC,P,3.5%
757,AAG,K,CAG,Q,9.2%
757,AAG,K,AGA,R,6.1%
757,AAG,K,AGC,S,4.7%
757,AAG,K,ACC,T,4.1%
757,AAG,K,GTG,V,2.2%
757,AAG,K,TGG,W,8.5%
757,AAG,K,TAC,Y,5.3%
758,GAA,E,GCC,A,3.7%
758,GAA,E,TGC,C,2.4%
758,GAA,E,GAC,D,13.1%
758,GAA,E,TTC,F,4.4%
758,GAA,E,GGC,G,6.0%
758,GAA,E,CAC,H,4.0%
758,GAA,E,ATC,I,4.5%
758,GAA,E,AAG,K,5.6%
758,GAA,E,CTG,L,5.1%
758,GAA,E,ATG,M,2.5%
758,GAA,E,AAC,N,6.2%
758,GAA,E,CCC,P,4.5%
758,GAA,E,CAG,Q,6.4%
758,GAA,E,AGA,R,6.3%
758,GAA,E,AGC,S,4.7%
758,GAA,E,ACC,T,2.8%
758,GAA,E,GTG,V,5.6%
758,GAA,E,TGG,W,3.4%
758,GAA,E,TAC,Y,8.7%
759,ATC,I,GCC,A,2.2%
759,ATC,I,TGC,C,7.0%
759,ATC,I,GAC,D,2.9%
759,ATC,I,GAG,E,5.6%
759,ATC,I,TTC,F,6.4%
759,ATC,I,GGC,G,1.1%
759,ATC,I,CAC,H,2.3%
759,ATC,I,AAG,K,3.8%
759,ATC,I,CTG,L,3.2%
759,ATC,I,ATG,M,5.3%
759,ATC,I,AAC,N,11.9%
759,ATC,I,CCC,P,5.4%
759,ATC,I,CAG,Q,4.4%
759,ATC,I,AGA,R,4.7%
759,ATC,I,AGC,S,15.6%
759,ATC,I,ACC,T,8.2%
759,ATC,I,GTG,V,5.0%
759,ATC,I,TGG,W,1.8%
759,ATC,I,TAC,Y,3.2%
760,CTC,L,GCC,A,2.6%
760,CTC,L,TGC,C,5.7%
760,CTC,L,GAC,D,2.8%
760,CTC,L,GAG,E,3.7%
760,CTC,L,TTC,F,8.1%
760,CTC,L,GGC,G,4.7%
760,CTC,L,CAC,H,4.5%
760,CTC,L,ATC,I,16.6%
760,CTC,L,AAG,K,3.3%
760,CTC,L,ATG,M,3.6%
760,CTC,L,AAC,N,6.7%
760,CTC,L,CCC,P,8.8%
760,CTC,L,CAG,Q,4.1%
760,CTC,L,AGA,R,3.4%
760,CTC,L,AGC,S,2.5%
760,CTC,L,ACC,T,4.2%
760,CTC,L,GTG,V,7.1%
760,CTC,L,TGG,W,2.6%
760,CTC,L,TAC,Y,5.2%
761,GAT,D,GCC,A,4.3%
761,GAT,D,TGC,C,8.0%
761,GAT,D,GAG,E,15.6%
761,GAT,D,TTC,F,3.1%
761,GAT,D,GGC,G,2.5%
761,GAT,D,CAC,H,8.9%
761,GAT,D,ATC,I,4.7%
761,GAT,D,AAG,K,5.7%
761,GAT,D,CTG,L,5.4%
761,GAT,D,ATG,M,2.3%
761,GAT,D,AAC,N,4.4%
761,GAT,D,CCC,P,5.5%
761,GAT,D,CAG,Q,3.5%
761,GAT,D,AGA,R,4.4%
761,GAT,D,AGC,S,4.2%
761,GAT,D,ACC,T,2.5%
761,GAT,D,GTG,V,3.6%
761,GAT,D,TGG,W,9.1%
761,GAT,D,TAC,Y,2.4%
762,GAA,E,GCC,A,4.6%
762,GAA,E,TGC,C,3.6%
762,GAA,E,GAC,D,12.3%
762,GAA,E,TTC,F,4.7%
762,GAA,E,GGC,G,6.3%
762,GAA,E,CAC,H,5.3%
762,GAA,E,ATC,I,7.8%
762,GAA,E,AAG,K,4.3%
762,GAA,E,CTG,L,5.6%
762,GAA,E,ATG,M,7.0%
762,GAA,E,AAC,N,3.9%
762,GAA,E,CCC,P,4.0%
762,GAA,E,CAG,Q,6.4%
762,GAA,E,AGA,R,4.5%
762,GAA,E,AGC,S,4.0%
762,GAA,E,ACC,T,3.9%
762,GAA,E,GTG,V,5.5%
762,GAA,E,TGG,W,3.5%
762,GAA,E,TAC,Y,3.0%
763,GCC,A,TGC,C,2.1%
763,GCC,A,GAC,D,13.9%
763,GCC,A,GAG,E,3.2%
763,GCC,A,TTC,F,5.2%
763,GCC,A,GGC,G,6.4%
763,GCC,A,CAC,H,4.5%
763,GCC,A,ATC,I,3.0%
763,GCC,A,AAG,K,5.2%
763,GCC,A,CTG,L,4.8%
763,GCC,A,ATG,M,3.5%
763,GCC,A,AAC,N,3.8%
763,GCC,A,CCC,P,6.7%
763,GCC,A,CAG,Q,4.1%
763,GCC,A,AGA,R,5.6%
763,GCC,A,AGC,S,2.3%
763,GCC,A,ACC,T,7.7%
763,GCC,A,GTG,V,5.3%
763,GCC,A,TGG,W,6.9%
763,GCC,A,TAC,Y,5.8%
764,TAC,Y,GCC,A,3.4%
764,TAC,Y,TGC,C,8.7%
764,TAC,Y,GAC,D,13.3%
764,TAC,Y,GAG,E,5.6%
764,TAC,Y,TTC,F,5.5%
764,TAC,Y,GGC,G,2.5%
764,TAC,Y,CAC,H,7.2%
764,TAC,Y,ATC,I,4.7%
764,TAC,Y,AAG,K,8.1%
764,TAC,Y,CTG,L,3.5%
764,TAC,Y,ATG,M,1.0%
764,TAC,Y,AAC,N,7.4%
764,TAC,Y,CCC,P,5.3%
764,TAC,Y,CAG,Q,2.0%
764,TAC,Y,AGA,R,3.6%
764,TAC,Y,AGC,S,4.5%
764,TAC,Y,ACC,T,2.5%
764,TAC,Y,GTG,V,4.5%
764,TAC,Y,TGG,W,6.8%
765,GTG,V,GCC,A,4.7%
765,GTG,V,TGC,C,2.7%
765,GTG,V,GAC,D,6.5%
765,GTG,V,GAG,E,13.2%
765,GTG,V,TTC,F,4.7%
765,GTG,V,GGC,G,3.6%
765,GTG,V,CAC,H,6.6%
765,GTG,V,ATC,I,3.0%
765,GTG,V,AAG,K,2.1%
765,GTG,V,CTG,L,7.6%
765,GTG,V,ATG,M,9.4%
765,GTG,V,AAC,N,4.4%
765,GTG,V,CCC,P,3.8%
765,GTG,V,CAG,Q,3.8%
765,GTG,V,AGA,R,3.7%
765,GTG,V,AGC,S,9.0%
765,GTG,V,ACC,T,4.2%
765,GTG,V,TGG,W,5.6%
765,GTG,V,TAC,Y,1.4%
766,ATG,M,GCC,A,3.2%
766,ATG,M,TGC,C,7.5%
766,ATG,M,GAC,D,3.0%
766,ATG,M,GAG,E,4.5%
766,ATG,M,TTC,F,3.2%
766,ATG,M,GGC,G,6.2%
766,ATG,M,CAC,H,4.7%
766,ATG,M,ATC,I,6.7%
766,ATG,M,AAG,K,4.1%
766,ATG,M,CTG,L,9.5%
766,ATG,M,AAC,N,3.9%
766,ATG,M,CCC,P,4.8%
766,ATG,M,CAG,Q,2.3%
766,ATG,M,AGA,R,1.7%
766,ATG,M,AGC,S,7.1%
766,ATG,M,ACC,T,5.9%
766,ATG,M,GTG,V,11.2%
766,ATG,M,TGG,W,6.9%
766,ATG,M,TAC,Y,3.7%
767,GCC,A,TGC,C,4.8%
767,GCC,A,GAC,D,11.9%
767,GCC,A,GAG,E,3.9%
767,GCC,A,TTC,F,2.1%
767,GCC,A,GGC,G,5.0%
767,GCC,A,CAC,H,2.5%
767,GCC,A,ATC,I,2.2%
767,GCC,A,AAG,K,2.7%
767,GCC,A,CTG,L,4.5%
767,GCC,A,ATG,M,7.0%
767,GCC,A,AAC,N,2.9%
767,GCC,A,CCC,P,22.0%
767,GCC,A,CAG,Q,6.1%
767,GCC,A,AGA,R,1.6%
767,GCC,A,AGC,S,4.1%
767,GCC,A,ACC,T,7.9%
767,GCC,A,GTG,V,2.3%
767,GCC,A,TGG,W,3.1%
767,GCC,A,TAC,Y,3.4%
768,AGC,S,GCC,A,2.7%
768,AGC,S,TGC,C,4.7%
768,AGC,S,GAC,D,6.2%
768,AGC,S,GAG,E,3.0%
768,AGC,S,TTC,F,6.1%
768,AGC,S,GGC,G,10.1%
768,AGC,S,CAC,H,0.1%
768,AGC,S,ATC,I,11.2%
768,AGC,S,AAG,K,5.3%
768,AGC,S,CTG,L,1.7%
768,AGC,S,ATG,M,3.3%
768,AGC,S,AAC,N,6.7%
768,AGC,S,CCC,P,2.6%
768,AGC,S,CAG,Q,3.0%
768,AGC,S,AGA,R,13.6%
768,AGC,S,ACC,T,5.8%
768,AGC,S,GTG,V,4.1%
768,AGC,S,TGG,W,6.7%
768,AGC,S,TAC,Y,3.3%
769,GTG,V,GCC,A,3.4%
769,GTG,V,TGC,C,10.8%
769,GTG,V,GAC,D,5.6%
769,GTG,V,GAG,E,10.1%
769,GTG,V,TTC,F,4.6%
769,GTG,V,GGC,G,2.2%
769,GTG,V,CAC,H,3.6%
769,GTG,V,ATC,I,4.8%
769,GTG,V,AAG,K,5.2%
769,GTG,V,CTG,L,7.0%
769,GTG,V,ATG,M,9.3%
769,GTG,V,AAC,N,5.5%
769,GTG,V,CCC,P,1.9%
769,GTG,V,CAG,Q,3.7%
769,GTG,V,AGA,R,4.1%
769,GTG,V,AGC,S,5.8%
769,GTG,V,ACC,T,2.7%
769,GTG,V,TGG,W,4.8%
769,GTG,V,TAC,Y,4.8%
770,GAC,D,GCC,A,9.1%
770,GAC,D,TGC,C,2.7%
770,GAC,D,GAG,E,5.0%
770,GAC,D,TTC,F,5.2%
770,GAC,D,GGC,G,8.9%
770,GAC,D,CAC,H,6.2%
770,GAC,D,ATC,I,3.8%
770,GAC,D,AAG,K,5.8%
770,GAC,D,CTG,L,1.6%
770,GAC,D,ATG,M,4.0%
770,GAC,D,AAC,N,10.7%
770,GAC,D,CCC,P,1.8%
770,GAC,D,CAG,Q,1.6%
770,GAC,D,AGA,R,3.5%
770,GAC,D,AGC,S,2.7%
770,GAC,D,ACC,T,1.8%
770,GAC,D,GTG,V,3.7%
770,GAC,D,TGG,W,4.0%
770,GAC,D,TAC,Y,17.9%
771,AAC,N,GCC,A,6.4%
771,AAC,N,TGC,C,4.5%
771,AAC,N,GAC,D,5.5%
771,AAC,N,GAG,E,4.4%
771,AAC,N,TTC,F,4.7%
771,AAC,N,GGC,G,0.8%
771,AAC,N,CAC,H,8.6%
771,AAC,N,ATC,I,6.9%
771,AAC,N,AAG,K,4.9%
771,AAC,N,CTG,L,6.6%
771,AAC,N,ATG,M,7.5%
771,AAC,N,CCC,P,4.2%
771,AAC,N,CAG,Q,6.2%
771,AAC,N,AGA,R,3.3%
771,AAC,N,AGC,S,8.4%
771,AAC,N,ACC,T,9.0%
771,AAC,N,GTG,V,1.6%
771,AAC,N,TGG,W,2.5%
771,AAC,N,TAC,Y,4.0%
772,CCC,P,GCC,A,3.8%
772,CCC,P,TGC,C,3.3%
772,CCC,P,GAC,D,3.5%
772,CCC,P,GAG,E,4.0%
772,CCC,P,TTC,F,3.9%
772,CCC,P,GGC,G,2.1%
772,CCC,P,CAC,H,11.9%
772,CCC,P,ATC,I,1.9%
772,CCC,P,AAG,K,4.3%
772,CCC,P,CTG,L,8.3%
772,CCC,P,ATG,M,3.9%
772,CCC,P,AAC,N,7.4%
772,CCC,P,CAG,Q,5.2%
772,CCC,P,AGA,R,5.1%
772,CCC,P,AGC,S,2.2%
772,CCC,P,ACC,T,13.3%
772,CCC,P,GTG,V,4.9%
772,CCC,P,TGG,W,4.0%
772,CCC,P,TAC,Y,7.2%
773,CAC,H,GCC,A,2.1%
773,CAC,H,TGC,C,6.5%
773,CAC,H,GAC,D,3.1%
773,CAC,H,GAG,E,6.5%
773,CAC,H,TTC,F,5.8%
773,CAC,H,GGC,G,2.7%
773,CAC,H,ATC,I,4.4%
773,CAC,H,AAG,K,2.7%
773,CAC,H,CTG,L,5.5%
773,CAC,H,ATG,M,3.3%
773,CAC,H,AAC,N,14.3%
773,CAC,H,CCC,P,13.7%
773,CAC,H,CAG,Q,3.0%
773,CAC,H,AGA,R,2.5%
773,CAC,H,AGC,S,4.0%
773,CAC,H,ACC,T,3.3%
773,CAC,H,GTG,V,5.0%
773,CAC,H,TGG,W,4.4%
773,CAC,H,TAC,Y,7.3%
774,GTG,V,GCC,A,0.3%
774,GTG,V,TGC,C,0.8%
774,GTG,V,GAC,D,2.9%
774,GTG,V,GAG,E,6.4%
774,GTG,V,TTC,F,7.8%
774,GTG,V,GGC,G,4.9%
774,GTG,V,CAC,H,7.2%
774,GTG,V,ATC,I,7.8%
774,GTG,V,AAG,K,8.2%
774,GTG,V,CTG,L,7.4%
774,GTG,V,ATG,M,9.0%
774,GTG,V,AAC,N,5.5%
774,GTG,V,CCC,P,2.3%
774,GTG,V,CAG,Q,6.0%
774,GTG,V,AGA,R,3.9%
774,GTG,V,AGC,S,5.5%
774,GTG,V,ACC,T,10.2%
774,GTG,V,TGG,W,2.1%
774,GTG,V,TAC,Y,1.8%
775,TGC,C,GCC,A,5.9%
775,TGC,C,GAC,D,5.0%
775,TGC,C,GAG,E,2.3%
775,TGC,C,TTC,F,13.7%
775,TGC,C,GGC,G,13.1%
775,TGC,C,CAC,H,4.0%
775,TGC,C,ATC,I,2.6%
775,TGC,C,AAG,K,5.4%
775,TGC,C,CTG,L,5.9%
775,TGC,C,ATG,M,3.4%
775,TGC,C,AAC,N,3.5%
775,TGC,C,CCC,P,6.2%
775,TGC,C,CAG,Q,2.3%
775,TGC,C,AGA,R,4.6%
775,TGC,C,AGC,S,1.5%
775,TGC,C,ACC,T,3.5%
775,TGC,C,GTG,V,3.7%
775,TGC,C,TGG,W,5.3%
775,TGC,C,TAC,Y,8.1%
776,CGC,R,GCC,A,5.5%
776,CGC,R,TGC,C,6.8%
776,CGC,R,GAC,D,5.0%
776,CGC,R,GAG,E,4.6%
776,CGC,R,TTC,F,3.5%
776,CGC,R,GGC,G,4.0%
776,CGC,R,CAC,H,10.6%
776,CGC,R,ATC,I,2.2%
776,CGC,R,AAG,K,4.1%
776,CGC,R,CTG,L,3.4%
776,CGC,R,ATG,M,1.6%
776,CGC,R,AAC,N,5.0%
776,CGC,R,CCC,P,5.9%
776,CGC,R,CAG,Q,3.9%
776,CGC,R,AGC,S,11.2%
776,CGC,R,ACC,T,2.4%
776,CGC,R,GTG,V,6.4%
776,CGC,R,TGG,W,8.5%
776,CGC,R,TAC,Y,5.5%
777,CTG,L,GCC,A,6.2%
777,CTG,L,TGC,C,3.5%
777,CTG,L,GAC,D,2.8%
777,CTG,L,GAG,E,7.3%
777,CTG,L,TTC,F,5.9%
777,CTG,L,GGC,G,4.1%
777,CTG,L,CAC,H,5.2%
777,CTG,L,ATC,I,5.2%
777,CTG,L,AAG,K,2.9%
777,CTG,L,ATG,M,12.7%
777,CTG,L,AAC,N,4.8%
777,CTG,L,CCC,P,2.9%
777,CTG,L,CAG,Q,5.7%
777,CTG,L,AGA,R,1.9%
777,CTG,L,AGC,S,7.7%
777,CTG,L,ACC,T,4.6%
777,CTG,L,GTG,V,9.9%
777,CTG,L,TGG,W,3.8%
777,CTG,L,TAC,Y,2.7%
778,CTG,L,GCC,A,3.0%
778,CTG,L,TGC,C,3.1%
778,CTG,L,GAC,D,3.6%
778,CTG,L,GAG,E,2.3%
778,CTG,L,TTC,F,8.0%
778,CTG,L,GGC,G,3.6%
778,CTG,L,CAC,H,1.8%
778,CTG,L,ATC,I,10.0%
778,CTG,L,AAG,K,0.3%
778,CTG,L,ATG,M,10.7%
778,CTG,L,AAC,N,5.3%
778,CTG,L,CCC,P,5.9%
778,CTG,L,CAG,Q,8.6%
778,CTG,L,AGA,R,6.9%
778,CTG,L,AGC,S,1.6%
778,CTG,L,ACC,T,5.5%
778,CTG,L,GTG,V,4.8%
778,CTG,L,TGG,W,6.4%
778,CTG,L,TAC,Y,8.8%
779,GGC,G,GCC,A,7.3%
779,GGC,G,TGC,C,23.8%
779,GGC,G,GAC,D,11.4%
779,GGC,G,GAG,E,4.2%
779,GGC,G,TTC,F,2.3%
779,GGC,G,CAC,H,1.7%
779,GGC,G,ATC,I,5.6%
779,GGC,G,AAG,K,2.1%
779,GGC,G,CTG,L,3.0%
779,GGC,G,ATG,M,2.3%
779,GGC,G,AAC,N,1.3%
779,GGC,G,CCC,P,2.6%
779,GGC,G,CAG,Q,2.4%
779,GGC,G,AGA,R,3.2%
779,GGC,G,AGC,S,7.9%
779,GGC,G,ACC,T,8.1%
779,GGC,G,GTG,V,1.7%
779,GGC,G,TGG,W,7.2%
779,GGC,G,TAC,Y,1.8%
780,ATC,I,GCC,A,4.1%
780,ATC,I,TGC,C,2.0%
780,ATC,I,GAC,D,1.0%
780,ATC,I,GAG,E,4.7%
780,ATC,I,TTC,F,11.4%
780,ATC,I,GGC,G,0.9%
780,ATC,I,CAC,H,6.2%
780,ATC,I,AAG,K,4.0%
780,ATC,I,CTG,L,1.9%
780,ATC,I,ATG,M,9.8%
780,ATC,I,AAC,N,5.1%
780,ATC,I,CCC,P,4.9%
780,ATC,I,CAG,Q,2.9%
780,ATC,I,AGA,R,5.2%
780,ATC,I,AGC,S,18.2%
780,ATC,I,ACC,T,5.7%
780,ATC,I,GTG,V,2.1%
780,ATC,I,TGG,W,5.0%
780,ATC,I,TAC,Y,4.8%
781,TGC,C,GCC,A,10.0%
781,TGC,C,GAC,D,3.6%
781,TGC,C,GAG,E,3.6%
781,TGC,C,TTC,F,9.6%
781,TGC,C,GGC,G,9.2%
781,TGC,C,CAC,H,5.1%
781,TGC,C,ATC,I,3.4%
781,TGC,C,AAG,K,4.0%
781,TGC,C,CTG,L,3.3%
781,TGC,C,ATG,M,2.6%
781,TGC,C,AAC,N,4.2%
781,TGC,C,CCC,P,1.0%
781,TGC,C,CAG,Q,2.3%
781,TGC,C,AGA,R,6.4%
781,TGC,C,AGC,S,6.0%
781,TGC,C,ACC,T,3.8%
781,TGC,C,GTG,V,8.8%
781,TGC,C,TGG,W,2.8%
781,TGC,C,TAC,Y,10.4%
782,CTC,L,GCC,A,0.0%
782,CTC,L,TGC,C,0.0%
782,CTC,L,GAC,D,0.0%
782,CTC,L,GAG,E,0.0%
782,CTC,L,TTC,F,0.0%
782,CTC,L,GGC,G,0.0%
782,CTC,L,CAC,H,0.0%
782,CTC,L,ATC,I,0.0%
782,CTC,L,AAG,K,0.0%
782,CTC,L,ATG,M,0.0%
782,CTC,L,AAC,N,0.0%
782,CTC,L,CCC,P,0.0%
782,CTC,L,CAG,Q,0.0%
782,CTC,L,AGA,R,0.0%
782,CTC,L,AGC,S,0.0%
782,CTC,L,ACC,T,0.0%
782,CTC,L,GTG,V,0.0%
782,CTC,L,TGG,W,0.0%
782,CTC,L,TAC,Y,0.0%
783,ACC,T,GCC,A,0.0%
783,ACC,T,TGC,C,0.0%
783,ACC,T,GAC,D,0.0%
783,ACC,T,GAG,E,0.0%
783,ACC,T,TTC,F,0.0%
783,ACC,T,GGC,G,0.0%
783,ACC,T,CAC,H,0.0%
783,ACC,T,ATC,I,0.0%
783,ACC,T,AAG,K,0.0%
783,ACC,T,CTG,L,0.0%
783,ACC,T,ATG,M,0.0%
783,ACC,T,AAC,N,0.0%
783,ACC,T,CCC,P,0.0%
783,ACC,T,CAG,Q,0.0%
783,ACC,T,AGA,R,0.0%
783,ACC,T,AGC,S,0.0%
783,ACC,T,GTG,V,0.0%
783,ACC,T,TGG,W,0.0%
783,ACC,T,TAC,Y,0.0%
784,TCC,S,GCC,A,14.1%
784,TCC,S,TGC,C,4.7%
784,TCC,S,GAC,D,3.3%
784,TCC,S,GAG,E,3.5%
784,TCC,S,TTC,F,3.5%
784,TCC,S,GGC,G,3.8%
784,TCC,S,CAC,H,4.7%
784,TCC,S,ATC,I,3.6%
784,TCC,S,AAG,K,4.6%
784,TCC,S,CTG,L,2.9%
784,TCC,S,ATG,M,3.2%
784,TCC,S,AAC,N,2.7%
784,TCC,S,CCC,P,13.8%
784,TCC,S,CAG,Q,4.6%
784,TCC,S,AGA,R,3.9%
784,TCC,S,ACC,T,5.8%
784,TCC,S,GTG,V,6.6%
784,TCC,S,TGG,W,2.2%
784,TCC,S,TAC,Y,8.5%
785,ACC,T,GCC,A,9.2%
785,ACC,T,TGC,C,2.2%
785,ACC,T,GAC,D,5.7%
785,ACC,T,GAG,E,5.1%
785,ACC,T,TTC,F,3.8%
785,ACC,T,GGC,G,4.0%
785,ACC,T,CAC,H,4.7%
785,ACC,T,ATC,I,6.2%
785,ACC,T,AAG,K,4.1%
785,ACC,T,CTG,L,4.4%
785,ACC,T,ATG,M,4.9%
785,ACC,T,AAC,N,6.9%
785,ACC,T,CCC,P,10.1%
785,ACC,T,CAG,Q,4.7%
785,ACC,T,AGA,R,6.3%
785,ACC,T,AGC,S,6.3%
785,ACC,T,GTG,V,3.9%
785,ACC,T,TGG,W,3.6%
785,ACC,T,TAC,Y,3.8%
786,GTG,V,GCC,A,7.8%
786,GTG,V,TGC,C,5.0%
786,GTG,V,GAC,D,7.2%
786,GTG,V,GAG,E,7.1%
786,GTG,V,TTC,F,3.4%
786,GTG,V,GGC,G,5.2%
786,GTG,V,CAC,H,2.5%
786,GTG,V,ATC,I,5.0%
786,GTG,V,AAG,K,7.1%
786,GTG,V,CTG,L,6.6%
786,GTG,V,ATG,M,8.5%
786,GTG,V,AAC,N,3.9%
786,GTG,V,CCC,P,5.8%
786,GTG,V,CAG,Q,4.2%
786,GTG,V,AGA,R,3.4%
786,GTG,V,AGC,S,5.2%
786,GTG,V,ACC,T,3.3%
786,GTG,V,TGG,W,4.8%
786,GTG,V,TAC,Y,3.9%
787,CAG,Q,GCC,A,1.8%
787,CAG,Q,TGC,C,5.4%
787,CAG,Q,GAC,D,5.7%
787,CAG,Q,GAG,E,6.8%
787,CAG,Q,TTC,F,5.4%
787,CAG,Q,GGC,G,4.0%
787,CAG,Q,CAC,H,7.4%
787,CAG,Q,ATC,I,5.4%
787,CAG,Q,AAG,K,9.5%
787,CAG,Q,CTG,L,6.1%
787,CAG,Q,ATG,M,3.1%
787,CAG,Q,AAC,N,6.6%
787,CAG,Q,CCC,P,5.6%
787,CAG,Q,AGA,R,1.5%
787,CAG,Q,AGC,S,6.8%
787,CAG,Q,ACC,T,7.1%
787,CAG,Q,GTG,V,3.2%
787,CAG,Q,TGG,W,3.8%
787,CAG,Q,TAC,Y,4.8%
788,CTC,L,GCC,A,4.1%
788,CTC,L,TGC,C,4.2%
788,CTC,L,GAC,D,5.2%
788,CTC,L,GAG,E,3.7%
788,CTC,L,TTC,F,5.6%
788,CTC,L,GGC,G,1.1%
788,CTC,L,CAC,H,6.8%
788,CTC,L,ATC,I,8.7%
788,CTC,L,AAG,K,4.2%
788,CTC,L,ATG,M,2.9%
788,CTC,L,AAC,N,5.0%
788,CTC,L,CCC,P,16.6%
788,CTC,L,CAG,Q,5.9%
788,CTC,L,AGA,R,2.8%
788,CTC,L,AGC,S,5.0%
788,CTC,L,ACC,T,6.1%
788,CTC,L,GTG,V,2.1%
788,CTC,L,TGG,W,6.2%
788,CTC,L,TAC,Y,3.8%
789,ATC,I,GCC,A,6.2%
789,ATC,I,TGC,C,2.2%
789,ATC,I,GAC,D,6.1%
789,ATC,I,GAG,E,2.8%
789,ATC,I,TTC,F,8.1%
789,ATC,I,GGC,G,2.3%
789,ATC,I,CAC,H,6.4%
789,ATC,I,AAG,K,1.5%
789,ATC,I,CTG,L,6.0%
789,ATC,I,ATG,M,4.7%
789,ATC,I,AAC,N,11.7%
789,ATC,I,CCC,P,3.0%
789,ATC,I,CAG,Q,3.1%
789,ATC,I,AGA,R,3.8%
789,ATC,I,AGC,S,6.2%
789,ATC,I,ACC,T,6.9%
789,ATC,I,GTG,V,3.8%
789,ATC,I,TGG,W,8.2%
789,ATC,I,TAC,Y,6.9%
790,ACG,T,GCC,A,3.6%
790,ACG,T,TGC,C,7.5%
790,ACG,T,GAC,D,6.3%
790,ACG,T,GAG,E,2.4%
790,ACG,T,TTC,F,0.7%
790,ACG,T,GGC,G,4.0%
790,ACG,T,CAC,H,2.0%
790,ACG,T,ATC,I,5.6%
790,ACG,T,AAG,K,15.4%
790,ACG,T,CTG,L,6.6%
790,ACG,T,ATG,M,12.7%
790,ACG,T,AAC,N,2.6%
790,ACG,T,CCC,P,3.5%
790,ACG,T,CAG,Q,5.2%
790,ACG,T,AGA,R,5.6%
790,ACG,T,AGC,S,3.0%
790,ACG,T,GTG,V,2.5%
790,ACG,T,TGG,W,7.8%
790,ACG,T,TAC,Y,3.1%
791,CAG,Q,GCC,A,0.8%
791,CAG,Q,TGC,C,3.8%
791,CAG,Q,GAC,D,9.4%
791,CAG,Q,GAG,E,4.0%
791,CAG,Q,TTC,F,3.6%
791,CAG,Q,GGC,G,5.7%
791,CAG,Q,CAC,H,5.2%
791,CAG,Q,ATC,I,7.9%
791,CAG,Q,AAG,K,17.2%
791,CAG,Q,CTG,L,2.1%
791,CAG,Q,ATG,M,2.7%
791,CAG,Q,AAC,N,6.0%
791,CAG,Q,CCC,P,5.6%
791,CAG,Q,AGA,R,0.2%
791,CAG,Q,AGC,S,4.6%
791,CAG,Q,ACC,T,3.9%
791,CAG,Q,GTG,V,3.2%
791,CAG,Q,TGG,W,7.9%
791,CAG,Q,TAC,Y,6.2%
792,CTC,L,GCC,A,4.1%
792,CTC,L,TGC,C,6.2%
792,CTC,L,GAC,D,3.1%
792,CTC,L,GAG,E,2.3%
792,CTC,L,TTC,F,7.1%
792,CTC,L,GGC,G,4.8%
792,CTC,L,CAC,H,6.9%
792,CTC,L,ATC,I,5.2%
792,CTC,L,AAG,K,3.7%
792,CTC,L,ATG,M,3.1%
792,CTC,L,AAC,N,3.3%
792,CTC,L,CCC,P,22.3%
792,CTC,L,CAG,Q,3.1%
792,CTC,L,AGA,R,4.6%
792,CTC,L,AGC,S,4.6%
792,CTC,L,ACC,T,3.7%
792,CTC,L,GTG,V,7.5%
792,CTC,L,TGG,W,2.0%
792,CTC,L,TAC,Y,2.6%
793,ATG,M,GCC,A,4.5%
793,ATG,M,TGC,C,3.8%
793,ATG,M,GAC,D,2.4%
793,ATG,M,GAG,E,2.2%
793,ATG,M,TTC,F,3.5%
793,ATG,M,GGC,G,11.6%
793,ATG,M,CAC,H,5.0%
793,ATG,M,ATC,I,6.4%
793,ATG,M,AAG,K,11.3%
793,ATG,M,CTG,L,8.0%
793,ATG,M,AAC,N,4.7%
793,ATG,M,CCC,P,1.5%
793,ATG,M,CAG,Q,5.6%
793,ATG,M,AGA,R,5.6%
793,ATG,M,AGC,S,2.7%
793,ATG,M,ACC,T,3.9%
793,ATG,M,GTG,V,6.1%
793,ATG,M,TGG,W,5.3%
793,ATG,M,TAC,Y,5.8%
794,CCC,P,GCC,A,7.9%
794,CCC,P,TGC,C,3.2%
794,CCC,P,GAC,D,1.8%
794,CCC,P,GAG,E,3.9%
794,CCC,P,TTC,F,3.5%
794,CCC,P,GGC,G,3.2%
794,CCC,P,CAC,H,14.6%
794,CCC,P,ATC,I,7.2%
794,CCC,P,AAG,K,4.6%
794,CCC,P,CTG,L,3.1%
794,CCC,P,ATG,M,4.6%
794,CCC,P,AAC,N,4.9%
794,CCC,P,CAG,Q,3.6%
794,CCC,P,AGA,R,3.3%
794,CCC,P,AGC,S,6.9%
794,CCC,P,ACC,T,9.9%
794,CCC,P,GTG,V,2.8%
794,CCC,P,TGG,W,4.1%
794,CCC,P,TAC,Y,7.0%
795,TTC,F,GCC,A,3.2%
795,TTC,F,TGC,C,6.5%
795,TTC,F,GAC,D,1.3%
795,TTC,F,GAG,E,4.8%
795,TTC,F,GGC,G,3.4%
795,TTC,F,CAC,H,8.0%
795,TTC,F,ATC,I,6.2%
795,TTC,F,AAG,K,6.8%
795,TTC,F,CTG,L,3.6%
795,TTC,F,ATG,M,1.1%
795,TTC,F,AAC,N,5.1%
795,TTC,F,CCC,P,6.5%
795,TTC,F,CAG,Q,12.4%
795,TTC,F,AGA,R,5.4%
795,TTC,F,AGC,S,2.4%
795,TTC,F,ACC,T,2.0%
795,TTC,F,GTG,V,8.0%
795,TTC,F,TGG,W,3.1%
795,TTC,F,TAC,Y,10.0%
796,GGC,G,GCC,A,6.5%
796,GGC,G,TGC,C,16.7%
796,GGC,G,GAC,D,13.0%
796,GGC,G,GAG,E,4.6%
796,GGC,G,TTC,F,5.9%
796,GGC,G,CAC,H,7.3%
796,GGC,G,ATC,I,0.7%
796,GGC,G,AAG,K,1.7%
796,GGC,G,CTG,L,3.3%
796,GGC,G,ATG,M,5.7%
796,GGC,G,AAC,N,6.9%
796,GGC,G,CCC,P,2.0%
796,GGC,G,CAG,Q,0.9%
796,GGC,G,AGA,R,6.6%
796,GGC,G,AGC,S,4.2%
796,GGC,G,ACC,T,2.3%
796,GGC,G,GTG,V,4.9%
796,GGC,G,TGG,W,5.0%
796,GGC,G,TAC,Y,1.9%
797,TGC,C,GCC,A,3.4%
797,TGC,C,GAC,D,2.8%
797,TGC,C,GAG,E,6.1%
797,TGC,C,TTC,F,14.1%
797,TGC,C,GGC,G,12.5%
797,TGC,C,CAC,H,3.3%
797,TGC,C,ATC,I,2.7%
797,TGC,C,AAG,K,3.4%
797,TGC,C,CTG,L,4.2%
797,TGC,C,ATG,M,0.3%
797,TGC,C,AAC,N,1.5%
797,TGC,C,CCC,P,10.2%
797,TGC,C,CAG,Q,3.7%
797,TGC,C,AGA,R,5.9%
797,TGC,C,AGC,S,6.1%
797,TGC,C,ACC,T,3.2%
797,TGC,C,GTG,V,5.2%
797,TGC,C,TGG,W,2.2%
797,TGC,C,TAC,Y,9.2%
798,CTC,L,GCC,A,7.2%
798,CTC,L,TGC,C,6.5%
798,CTC,L,GAC,D,1.7%
798,CTC,L,GAG,E,3.0%
798,CTC,L,TTC,F,7.0%
798,CTC,L,GGC,G,1.8%
798,CTC,L,CAC,H,5.1%
798,CTC,L,ATC,I,12.6%
798,CTC,L,AAG,K,7.6%
798,CTC,L,ATG,M,2.7%
798,CTC,L,AAC,N,4.9%
798,CTC,L,CCC,P,14.0%
798,CTC,L,CAG,Q,3.7%
798,CTC,L,AGA,R,3.6%
798,CTC,L,AGC,S,5.8%
798,CTC,L,ACC,T,3.1%
798,CTC,L,GTG,V,2.3%
798,CTC,L,TGG,W,3.5%
798,CTC,L,TAC,Y,3.9%
799,CTG,L,GCC,A,2.1%
799,CTG,L,TGC,C,5.1%
799,CTG,L,GAC,D,2.9%
799,CTG,L,GAG,E,6.0%
799,CTG,L,TTC,F,2.0%
799,CTG,L,GGC,G,3.5%
799,CTG,L,CAC,H,6.2%
799,CTG,L,ATC,I,6.7%
799,CTG,L,AAG,K,5.3%
799,CTG,L,ATG,M,8.8%
799,CTG,L,AAC,N,5.2%
799,CTG,L,CCC,P,5.6%
799,CTG,L,CAG,Q,4.0%
799,CTG,L,AGA,R,6.3%
799,CTG,L,AGC,S,8.2%
799,CTG,L,ACC,T,3.0%
799,CTG,L,GTG,V,10.3%
799,CTG,L,TGG,W,3.2%
799,CTG,L,TAC,Y,5.8%
800,GAC,D,GCC,A,10.7%
800,GAC,D,TGC,C,7.2%
800,GAC,D,GAG,E,7.0%
800,GAC,D,TTC,F,4.3%
800,GAC,D,GGC,G,6.2%
800,GAC,D,CAC,H,7.4%
800,GAC,D,ATC,I,1.8%
800,GAC,D,AAG,K,6.5%
800,GAC,D,CTG,L,3.8%
800,GAC,D,ATG,M,2.9%
800,GAC,D,AAC,N,7.0%
800,GAC,D,CCC,P,1.8%
800,GAC,D,CAG,Q,4.3%
800,GAC,D,AGA,R,4.1%
800,GAC,D,AGC,S,2.6%
800,GAC,D,ACC,T,2.0%
800,GAC,D,GTG,V,7.5%
800,GAC,D,TGG,W,2.8%
800,GAC,D,TAC,Y,10.0%
801,TAT,Y,GCC,A,5.9%
801,TAT,Y,TGC,C,2.5%
801,TAT,Y,GAC,D,2.1%
801,TAT,Y,GAG,E,9.6%
801,TAT,Y,TTC,F,9.1%
801,TAT,Y,GGC,G,7.8%
801,TAT,Y,CAC,H,2.4%
801,TAT,Y,ATC,I,4.6%
801,TAT,Y,AAG,K,6.1%
801,TAT,Y,CTG,L,2.6%
801,TAT,Y,ATG,M,3.6%
801,TAT,Y,AAC,N,12.1%
801,TAT,Y,CCC,P,2.7%
801,TAT,Y,CAG,Q,3.7%
801,TAT,Y,AGA,R,1.9%
801,TAT,Y,AGC,S,4.6%
801,TAT,Y,ACC,T,3.5%
801,TAT,Y,GTG,V,12.2%
801,TAT,Y,TGG,W,2.8%
802,GTC,V,GCC,A,5.9%
802,GTC,V,TGC,C,5.2%
802,GTC,V,GAC,D,5.3%
802,GTC,V,GAG,E,5.1%
802,GTC,V,TTC,F,11.0%
802,GTC,V,GGC,G,8.4%
802,GTC,V,CAC,H,4.7%
802,GTC,V,ATC,I,5.6%
802,GTC,V,AAG,K,5.0%
802,GTC,V,CTG,L,1.6%
802,GTC,V,ATG,M,5.4%
802,GTC,V,AAC,N,10.2%
802,GTC,V,CCC,P,6.3%
802,GTC,V,CAG,Q,3.4%
802,GTC,V,AGA,R,3.4%
802,GTC,V,AGC,S,4.7%
802,GTC,V,ACC,T,2.7%
802,GTC,V,TGG,W,3.2%
802,GTC,V,TAC,Y,3.0%
803,CGG,R,GCC,A,5.4%
803,CGG,R,TGC,C,2.6%
803,CGG,R,GAC,D,2.3%
803,CGG,R,GAG,E,2.4%
803,CGG,R,TTC,F,1.9%
803,CGG,R,GGC,G,2.2%
803,CGG,R,CAC,H,2.4%
803,CGG,R,ATC,I,1.4%
803,CGG,R,AAG,K,1.7%
803,CGG,R,CTG,L,7.0%
803,CGG,R,ATG,M,5.5%
803,CGG,R,AAC,N,4.0%
803,CGG,R,CCC,P,3.1%
803,CGG,R,CAG,Q,45.9%
803,CGG,R,AGC,S,3.4%
803,CGG,R,ACC,T,2.3%
803,CGG,R,GTG,V,2.6%
803,CGG,R,TGG,W,3.7%
803,CGG,R,TAC,Y,0.4%
804,GAA,E,GCC,A,5.6%
804,GAA,E,TGC,C,7.5%
804,GAA,E,GAC,D,12.6%
804,GAA,E,TTC,F,3.5%
804,GAA,E,GGC,G,5.9%
804,GAA,E,CAC,H,3.4%
804,GAA,E,ATC,I,5.1%
804,GAA,E,AAG,K,2.8%
804,GAA,E,CTG,L,8.0%
804,GAA,E,ATG,M,3.0%
804,GAA,E,AAC,N,1.4%
804,GAA,E,CCC,P,5.3%
804,GAA,E,CAG,Q,12.2%
804,GAA,E,AGA,R,5.8%
804,GAA,E,AGC,S,3.1%
804,GAA,E,ACC,T,2.0%
804,GAA,E,GTG,V,6.4%
804,GAA,E,TGG,W,1.9%
804,GAA,E,TAC,Y,4.5%
805,CAC,H,GCC,A,3.4%
805,CAC,H,TGC,C,1.5%
805,CAC,H,GAC,D,5.3%
805,CAC,H,GAG,E,4.5%
805,CAC,H,TTC,F,3.2%
805,CAC,H,GGC,G,10.2%
805,CAC,H,ATC,I,2.6%
805,CAC,H,AAG,K,3.8%
805,CAC,H,CTG,L,4.1%
805,CAC,H,ATG,M,2.9%
805,CAC,H,AAC,N,15.6%
805,CAC,H,CCC,P,9.9%
805,CAC,H,CAG,Q,4.6%
805,CAC,H,AGA,R,5.9%
805,CAC,H,AGC,S,3.4%
805,CAC,H,ACC,T,5.2%
805,CAC,H,GTG,V,2.4%
805,CAC,H,TGG,W,5.7%
805,CAC,H,TAC,Y,5.6%
806,AAA,K,GCC,A,1.6%
806,AAA,K,TGC,C,2.1%
806,AAA,K,GAC,D,7.7%
806,AAA,K,GAG,E,2.5%
806,AAA,K,TTC,F,5.6%
806,AAA,K,GGC,G,1.0%
806,AAA,K,CAC,H,3.4%
806,AAA,K,ATC,I,4.1%
806,AAA,K,CTG,L,4.3%
806,AAA,K,ATG,M,8.8%
806,AAA,K,AAC,N,18.0%
806,AAA,K,CCC,P,2.8%
806,AAA,K,CAG,Q,7.5%
806,AAA,K,AGA,R,8.1%
806,AAA,K,AGC,S,3.1%
806,AAA,K,ACC,T,4.8%
806,AAA,K,GTG,V,3.2%
806,AAA,K,TGG,W,2.9%
806,AAA,K,TAC,Y,8.4%
807,GAC,D,GCC,A,14.5%
807,GAC,D,TGC,C,0.8%
807,GAC,D,GAG,E,4.3%
807,GAC,D,TTC,F,3.9%
807,GAC,D,GGC,G,9.1%
807,GAC,D,CAC,H,4.3%
807,GAC,D,ATC,I,2.6%
807,GAC,D,AAG,K,5.3%
807,GAC,D,CTG,L,4.9%
807,GAC,D,ATG,M,1.0%
807,GAC,D,AAC,N,6.5%
807,GAC,D,CCC,P,3.1%
807,GAC,D,CAG,Q,4.1%
807,GAC,D,AGA,R,3.4%
807,GAC,D,AGC,S,4.4%
807,GAC,D,ACC,T,5.7%
807,GAC,D,GTG,V,5.8%
807,GAC,D,TGG,W,1.7%
807,GAC,D,TAC,Y,14.6%
808,AAT,N,GCC,A,6.0%
808,AAT,N,TGC,C,3.6%
808,AAT,N,GAC,D,2.7%
808,AAT,N,GAG,E,4.6%
808,AAT,N,TTC,F,3.3%
808,AAT,N,GGC,G,7.9%
808,AAT,N,CAC,H,3.9%
808,AAT,N,ATC,I,4.0%
808,AAT,N,AAG,K,18.3%
808,AAT,N,CTG,L,3.7%
808,AAT,N,ATG,M,4.7%
808,AAT,N,CCC,P,3.7%
808,AAT,N,CAG,Q,6.8%
808,AAT,N,AGA,R,6.1%
808,AAT,N,AGC,S,1.4%
808,AAT,N,ACC,T,3.2%
808,AAT,N,GTG,V,8.8%
808,AAT,N,TGG,W,3.3%
808,AAT,N,TAC,Y,4.0%
809,ATT,I,GCC,A,2.2%
809,ATT,I,TGC,C,4.5%
809,ATT,I,GAC,D,3.7%
809,ATT,I,GAG,E,4.9%
809,ATT,I,TTC,F,6.2%
809,ATT,I,GGC,G,4.5%
809,ATT,I,CAC,H,3.8%
809,ATT,I,AAG,K,4.9%
809,ATT,I,CTG,L,7.0%
809,ATT,I,ATG,M,11.3%
809,ATT,I,AAC,N,6.0%
809,ATT,I,CCC,P,7.0%
809,ATT,I,CAG,Q,3.4%
809,ATT,I,AGA,R,3.9%
809,ATT,I,AGC,S,5.6%
809,ATT,I,ACC,T,4.4%
809,ATT,I,GTG,V,5.2%
809,ATT,I,TGG,W,5.0%
809,ATT,I,TAC,Y,6.4%
810,GGC,G,GCC,A,3.4%
810,GGC,G,TGC,C,28.6%
810,GGC,G,GAC,D,6.5%
810,GGC,G,GAG,E,2.7%
810,GGC,G,TTC,F,3.0%
810,GGC,G,CAC,H,3.6%
810,GGC,G,ATC,I,6.9%
810,GGC,G,AAG,K,3.5%
810,GGC,G,CTG,L,4.7%
810,GGC,G,ATG,M,2.7%
810,GGC,G,AAC,N,6.0%
810,GGC,G,CCC,P,1.6%
810,GGC,G,CAG,Q,2.4%
810,GGC,G,AGA,R,2.1%
810,GGC,G,AGC,S,10.7%
810,GGC,G,ACC,T,3.0%
810,GGC,G,GTG,V,3.1%
810,GGC,G,TGG,W,4.8%
810,GGC,G,TAC,Y,0.7%
811,TCC,S,GCC,A,13.6%
811,TCC,S,TGC,C,3.8%
811,TCC,S,GAC,D,3.5%
811,TCC,S,GAG,E,1.1%
811,TCC,S,TTC,F,7.1%
811,TCC,S,GGC,G,4.4%
811,TCC,S,CAC,H,1.3%
811,TCC,S,ATC,I,2.0%
811,TCC,S,AAG,K,2.7%
811,TCC,S,CTG,L,1.6%
811,TCC,S,ATG,M,6.5%
811,TCC,S,AAC,N,4.5%
811,TCC,S,CCC,P,16.5%
811,TCC,S,CAG,Q,2.5%
811,TCC,S,AGA,R,1.2%
811,TCC,S,ACC,T,7.5%
811,TCC,S,GTG,V,4.4%
811,TCC,S,TGG,W,3.7%
811,TCC,S,TAC,Y,12.0%
812,CAG,Q,GCC,A,3.9%
812,CAG,Q,TGC,C,5.1%
812,CAG,Q,GAC,D,6.2%
812,CAG,Q,GAG,E,6.2%
812,CAG,Q,TTC,F,6.1%
812,CAG,Q,GGC,G,8.3%
812,CAG,Q,CAC,H,3.0%
812,CAG,Q,ATC,I,4.1%
812,CAG,Q,AAG,K,11.3%
812,CAG,Q,CTG,L,10.2%
812,CAG,Q,ATG,M,2.6%
812,CAG,Q,AAC,N,4.5%
812,CAG,Q,CCC,P,2.9%
812,CAG,Q,AGA,R,3.3%
812,CAG,Q,AGC,S,3.3%
812,CAG,Q,ACC,T,3.4%
812,CAG,Q,GTG,V,1.9%
812,CAG,Q,TGG,W,7.9%
812,CAG,Q,TAC,Y,5.8%
813,TAC,Y,GCC,A,3.8%
813,TAC,Y,TGC,C,7.3%
813,TAC,Y,GAC,D,11.1%
813,TAC,Y,GAG,E,3.9%
813,TAC,Y,TTC,F,6.8%
813,TAC,Y,GGC,G,2.9%
813,TAC,Y,CAC,H,7.1%
813,TAC,Y,ATC,I,3.2%
813,TAC,Y,AAG,K,7.5%
813,TAC,Y,CTG,L,4.3%
813,TAC,Y,ATG,M,9.0%
813,TAC,Y,AAC,N,5.1%
813,TAC,Y,CCC,P,4.5%
813,TAC,Y,CAG,Q,2.7%
813,TAC,Y,AGA,R,2.9%
813,TAC,Y,AGC,S,1.8%
813,TAC,Y,ACC,T,5.9%
813,TAC,Y,GTG,V,4.4%
813,TAC,Y,TGG,W,5.7%
814,CTG,L,GCC,A,4.4%
814,CTG,L,TGC,C,5.9%
814,CTG,L,GAC,D,5.9%
814,CTG,L,GAG,E,7.7%
814,CTG,L,TTC,F,3.2%
814,CTG,L,GGC,G,3.9%
814,CTG,L,CAC,H,4.6%
814,CTG,L,ATC,I,5.3%
814,CTG,L,AAG,K,5.9%
814,CTG,L,ATG,M,8.8%
814,CTG,L,AAC,N,4.2%
814,CTG,L,CCC,P,2.9%
814,CTG,L,CAG,Q,5.6%
814,CTG,L,AGA,R,5.5%
814,CTG,L,AGC,S,4.8%
814,CTG,L,ACC,T,5.0%
814,CTG,L,GTG,V,6.7%
814,CTG,L,TGG,W,4.6%
814,CTG,L,TAC,Y,5.2%
815,CTC,L,GCC,A,2.5%
815,CTC,L,TGC,C,5.8%
815,CTC,L,GAC,D,3.7%
815,CTC,L,GAG,E,3.2%
815,CTC,L,TTC,F,5.1%
815,CTC,L,GGC,G,5.1%
815,CTC,L,CAC,H,3.4%
815,CTC,L,ATC,I,8.9%
815,CTC,L,AAG,K,3.5%
815,CTC,L,ATG,M,3.9%
815,CTC,L,AAC,N,6.3%
815,CTC,L,CCC,P,16.2%
815,CTC,L,CAG,Q,4.5%
815,CTC,L,AGA,R,3.4%
815,CTC,L,AGC,S,4.6%
815,CTC,L,ACC,T,3.4%
815,CTC,L,GTG,V,5.8%
815,CTC,L,TGG,W,3.4%
815,CTC,L,TAC,Y,7.3%
816,AAC,N,GCC,A,2.0%
816,AAC,N,TGC,C,3.9%
816,AAC,N,GAC,D,6.4%
816,AAC,N,GAG,E,2.8%
816,AAC,N,TTC,F,4.8%
816,AAC,N,GGC,G,4.5%
816,AAC,N,CAC,H,8.4%
816,AAC,N,ATC,I,6.5%
816,AAC,N,AAG,K,6.6%
816,AAC,N,CTG,L,5.9%
816,AAC,N,ATG,M,2.0%
816,AAC,N,CCC,P,5.9%
816,AAC,N,CAG,Q,5.7%
816,AAC,N,AGA,R,4.6%
816,AAC,N,AGC,S,7.1%
816,AAC,N,ACC,T,6.6%
816,AAC,N,GTG,V,6.4%
816,AAC,N,TGG,W,3.5%
816,AAC,N,TAC,Y,6.3%
817,TGG,W,GCC,A,7.8%
817,TGG,W,TGC,C,5.6%
817,TGG,W,GAC,D,4.2%
817,TGG,W,GAG,E,6.9%
817,TGG,W,TTC,F,2.7%
817,TGG,W,GGC,G,4.7%
817,TGG,W,CAC,H,6.1%
817,TGG,W,ATC,I,5.9%
817,TGG,W,AAG,K,7.7%
817,TGG,W,CTG,L,4.9%
817,TGG,W,ATG,M,2.6%
817,TGG,W,AAC,N,5.2%
817,TGG,W,CCC,P,2.6%
817,TGG,W,CAG,Q,5.1%
817,TGG,W,AGA,R,2.2%
817,TGG,W,AGC,S,7.7%
817,TGG,W,ACC,T,7.1%
817,TGG,W,GTG,V,8.4%
817,TGG,W,TAC,Y,2.6%
818,TGT,C,GCC,A,5.8%
818,TGT,C,GAC,D,5.1%
818,TGT,C,GAG,E,5.1%
818,TGT,C,TTC,F,6.4%
818,TGT,C,GGC,G,3.8%
818,TGT,C,CAC,H,11.1%
818,TGT,C,ATC,I,4.5%
818,TGT,C,AAG,K,3.6%
818,TGT,C,CTG,L,4.0%
818,TGT,C,ATG,M,4.3%
818,TGT,C,AAC,N,7.2%
818,TGT,C,CCC,P,5.9%
818,TGT,C,CAG,Q,1.8%
818,TGT,C,AGA,R,2.8%
818,TGT,C,AGC,S,2.9%
818,TGT,C,ACC,T,5.8%
818,TGT,C,GTG,V,6.4%
818,TGT,C,TGG,W,9.4%
818,TGT,C,TAC,Y,4.1%
819,GTG,V,GCC,A,0.0%
819,GTG,V,TGC,C,0.0%
819,GTG,V,GAC,D,0.0%
819,GTG,V,GAG,E,0.0%
819,GTG,V,TTC,F,0.0%
819,GTG,V,GGC,G,0.0%
819,GTG,V,CAC,H,0.0%
819,GTG,V,ATC,I,0.0%
819,GTG,V,AAG,K,0.0%
819,GTG,V,CTG,L,0.0%
819,GTG,V,ATG,M,0.0%
819,GTG,V,AAC,N,0.0%
819,GTG,V,CCC,P,0.0%
819,GTG,V,CAG,Q,0.0%
819,GTG,V,AGA,R,0.0%
819,GTG,V,AGC,S,0.0%
819,GTG,V,ACC,T,0.0%
819,GTG,V,TGG,W,0.0%
819,GTG,V,TAC,Y,0.0%
820,CAG,Q,GCC,A,0.0%
820,CAG,Q,TGC,C,0.0%
820,CAG,Q,GAC,D,0.0%
820,CAG,Q,GAG,E,0.0%
820,CAG,Q,TTC,F,0.0%
820,CAG,Q,GGC,G,0.0%
820,CAG,Q,CAC,H,0.0%
820,CAG,Q,ATC,I,0.0%
820,CAG,Q,AAG,K,0.0%
820,CAG,Q,CTG,L,0.0%
820,CAG,Q,ATG,M,0.0%
820,CAG,Q,AAC,N,0.0%
820,CAG,Q,CCC,P,0.0%
820,CAG,Q,AGA,R,0.0%
820,CAG,Q,AGC,S,0.0%
820,CAG,Q,ACC,T,0.0%
820,CAG,Q,GTG,V,0.0%
820,CAG,Q,TGG,W,0.0%
820,CAG,Q,TAC,Y,0.0%
821,ATC,I,GCC,A,9.9%
821,ATC,I,TGC,C,3.9%
821,ATC,I,GAC,D,6.1%
821,ATC,I,GAG,E,6.0%
821,ATC,I,TTC,F,6.0%
821,ATC,I,GGC,G,3.2%
821,ATC,I,CAC,H,8.0%
821,ATC,I,AAG,K,4.4%
821,ATC,I,CTG,L,3.8%
821,ATC,I,ATG,M,5.1%
821,ATC,I,AAC,N,5.5%
821,ATC,I,CCC,P,3.3%
821,ATC,I,CAG,Q,3.0%
821,ATC,I,AGA,R,3.2%
821,ATC,I,AGC,S,9.2%
821,ATC,I,ACC,T,5.1%
821,ATC,I,GTG,V,1.6%
821,ATC,I,TGG,W,5.2%
821,ATC,I,TAC,Y,7.4%
822,GCA,A,TGC,C,6.1%
822,GCA,A,GAC,D,5.9%
822,GCA,A,GAG,E,7.7%
822,GCA,A,TTC,F,5.3%
822,GCA,A,GGC,G,5.8%
822,GCA,A,CAC,H,4.8%
822,GCA,A,ATC,I,4.3%
822,GCA,A,AAG,K,2.9%
822,GCA,A,CTG,L,6.5%
822,GCA,A,ATG,M,4.6%
822,GCA,A,AAC,N,3.0%
822,GCA,A,CCC,P,5.7%
822,GCA,A,CAG,Q,3.4%
822,GCA,A,AGA,R,2.4%
822,GCA,A,AGC,S,6.5%
822,GCA,A,ACC,T,4.8%
822,GCA,A,GTG,V,8.6%
822,GCA,A,TGG,W,6.3%
822,GCA,A,TAC,Y,5.3%
823,AAG,K,GCC,A,5.1%
823,AAG,K,TGC,C,5.3%
823,AAG,K,GAC,D,5.9%
823,AAG,K,GAG,E,8.8%
823,AAG,K,TTC,F,4.0%
823,AAG,K,GGC,G,3.3%
823,AAG,K,CAC,H,2.8%
823,AAG,K,ATC,I,6.4%
823,AAG,K,CTG,L,6.0%
823,AAG,K,ATG,M,6.8%
823,AAG,K,AAC,N,7.5%
823,AAG,K,CCC,P,5.2%
823,AAG,K,CAG,Q,9.1%
823,AAG,K,AGA,R,3.6%
823,AAG,K,AGC,S,3.4%
823,AAG,K,ACC,T,3.9%
823,AAG,K,GTG,V,4.1%
823,AAG,K,TGG,W,5.7%
823,AAG,K,TAC,Y,3.1%
824,GGC,G,GCC,A,7.2%
824,GGC,G,TGC,C,10.0%
824,GGC,G,GAC,D,9.0%
824,GGC,G,GAG,E,2.8%
824,GGC,G,TTC,F,4.8%
824,GGC,G,CAC,H,3.7%
824,GGC,G,ATC,I,4.2%
824,GGC,G,AAG,K,4.1%
824,GGC,G,CTG,L,6.4%
824,GGC,G,ATG,M,4.8%
824,GGC,G,AAC,N,5.7%
824,GGC,G,CCC,P,2.3%
824,GGC,G,CAG,Q,4.2%
824,GGC,G,AGA,R,4.9%
824,GGC,G,AGC,S,7.0%
824,GGC,G,ACC,T,3.2%
824,GGC,G,GTG,V,8.9%
824,GGC,G,TGG,W,4.2%
824,GGC,G,TAC,Y,2.6%
825,ATG,M,GCC,A,5.1%
825,ATG,M,TGC,C,3.9%
825,ATG,M,GAC,D,3.3%
825,ATG,M,GAG,E,8.0%
825,ATG,M,TTC,F,5.0%
825,ATG,M,GGC,G,3.7%
825,ATG,M,CAC,H,3.4%
825,ATG,M,ATC,I,8.2%
825,ATG,M,AAG,K,5.2%
825,ATG,M,CTG,L,6.2%
825,ATG,M,AAC,N,5.6%
825,ATG,M,CCC,P,4.5%
825,ATG,M,CAG,Q,3.2%
825,ATG,M,AGA,R,5.9%
825,ATG,M,AGC,S,5.0%
825,ATG,M,ACC,T,2.8%
825,ATG,M,GTG,V,9.8%
825,ATG,M,TGG,W,7.1%
825,ATG,M,TAC,Y,4.1%
826,AAC,N,GCC,A,0.0%
826,AAC,N,TGC,C,0.0%
826,AAC,N,GAC,D,0.0%
826,AAC,N,GAG,E,0.0%
826,AAC,N,TTC,F,0.0%
826,AAC,N,GGC,G,0.0%
826,AAC,N,CAC,H,0.0%
826,AAC,N,ATC,I,0.0%
826,AAC,N,AAG,K,0.0%
826,AAC,N,CTG,L,0.0%
826,AAC,N,ATG,M,0.0%
826,AAC,N,CCC,P,0.0%
826,AAC,N,CAG,Q,0.0%
826,AAC,N,AGA,R,0.0%
826,AAC,N,AGC,S,0.0%
826,AAC,N,ACC,T,0.0%
826,AAC,N,GTG,V,0.0%
826,AAC,N,TGG,W,0.0%
826,AAC,N,TAC,Y,0.0%
827,TAC,Y,GCC,A,0.0%
827,TAC,Y,TGC,C,0.0%
827,TAC,Y,GAC,D,0.0%
827,TAC,Y,GAG,E,0.0%
827,TAC,Y,TTC,F,0.0%
827,TAC,Y,GGC,G,0.0%
827,TAC,Y,CAC,H,0.0%
827,TAC,Y,ATC,I,0.0%
827,TAC,Y,AAG,K,0.0%
827,TAC,Y,CTG,L,0.0%
827,TAC,Y,ATG,M,0.0%
827,TAC,Y,AAC,N,0.0%
827,TAC,Y,CCC,P,0.0%
827,TAC,Y,CAG,Q,0.0%
827,TAC,Y,AGA,R,0.0%
827,TAC,Y,AGC,S,0.0%
827,TAC,Y,ACC,T,0.0%
827,TAC,Y,GTG,V,0.0%
827,TAC,Y,TGG,W,0.0%
828,TTG,L,GCC,A,0.0%
828,TTG,L,TGC,C,0.0%
828,TTG,L,GAC,D,0.0%
828,TTG,L,GAG,E,0.0%
828,TTG,L,TTC,F,0.0%
828,TTG,L,GGC,G,0.0%
828,TTG,L,CAC,H,0.0%
828,TTG,L,ATC,I,0.0%
828,TTG,L,AAG,K,0.0%
828,TTG,L,ATG,M,0.0%
828,TTG,L,AAC,N,0.0%
828,TTG,L,CCC,P,0.0%
828,TTG,L,CAG,Q,0.0%
828,TTG,L,AGA,R,0.0%
828,TTG,L,AGC,S,0.0%
828,TTG,L,ACC,T,0.0%
828,TTG,L,GTG,V,0.0%
828,TTG,L,TGG,W,0.0%
828,TTG,L,TAC,Y,0.0%
829,GAG,E,GCC,A,4.9%
829,GAG,E,TGC,C,4.6%
829,GAG,E,GAC,D,5.5%
829,GAG,E,TTC,F,2.7%
829,GAG,E,GGC,G,6.5%
829,GAG,E,CAC,H,5.0%
829,GAG,E,ATC,I,6.3%
829,GAG,E,AAG,K,7.4%
829,GAG,E,CTG,L,3.8%
829,GAG,E,ATG,M,5.2%
829,GAG,E,AAC,N,8.1%
829,GAG,E,CCC,P,5.6%
829,GAG,E,CAG,Q,5.6%
829,GAG,E,AGA,R,2.3%
829,GAG,E,AGC,S,5.1%
829,GAG,E,ACC,T,5.0%
829,GAG,E,GTG,V,7.9%
829,GAG,E,TGG,W,3.7%
829,GAG,E,TAC,Y,5.0%
830,GAC,D,GCC,A,9.9%
830,GAC,D,TGC,C,4.2%
830,GAC,D,GAG,E,15.2%
830,GAC,D,TTC,F,5.5%
830,GAC,D,GGC,G,5.1%
830,GAC,D,CAC,H,6.5%
830,GAC,D,ATC,I,6.1%
830,GAC,D,AAG,K,3.7%
830,GAC,D,CTG,L,3.6%
830,GAC,D,ATG,M,2.8%
830,GAC,D,AAC,N,7.3%
830,GAC,D,CCC,P,3.9%
830,GAC,D,CAG,Q,2.3%
830,GAC,D,AGA,R,4.5%
830,GAC,D,AGC,S,3.1%
830,GAC,D,ACC,T,3.6%
830,GAC,D,GTG,V,1.2%
830,GAC,D,TGG,W,5.5%
830,GAC,D,TAC,Y,6.0%
831,CGT,R,GCC,A,4.4%
831,CGT,R,TGC,C,8.7%
831,CGT,R,GAC,D,7.4%
831,CGT,R,GAG,E,3.5%
831,CGT,R,TTC,F,4.1%
831,CGT,R,GGC,G,3.1%
831,CGT,R,CAC,H,3.0%
831,CGT,R,ATC,I,6.0%
831,CGT,R,AAG,K,7.4%
831,CGT,R,CTG,L,6.8%
831,CGT,R,ATG,M,10.4%
831,CGT,R,AAC,N,3.9%
831,CGT,R,CCC,P,2.8%
831,CGT,R,CAG,Q,3.9%
831,CGT,R,AGC,S,3.8%
831,CGT,R,ACC,T,2.9%
831,CGT,R,GTG,V,6.2%
831,CGT,R,TGG,W,7.0%
831,CGT,R,TAC,Y,4.8%
832,CGC,R,GCC,A,4.1%
832,CGC,R,TGC,C,6.4%
832,CGC,R,GAC,D,2.5%
832,CGC,R,GAG,E,4.4%
832,CGC,R,TTC,F,6.0%
832,CGC,R,GGC,G,4.6%
832,CGC,R,CAC,H,4.0%
832,CGC,R,ATC,I,2.8%
832,CGC,R,AAG,K,2.6%
832,CGC,R,CTG,L,6.4%
832,CGC,R,ATG,M,6.3%
832,CGC,R,AAC,N,2.3%
832,CGC,R,CCC,P,5.4%
832,CGC,R,CAG,Q,5.2%
832,CGC,R,AGC,S,20.3%
832,CGC,R,ACC,T,3.0%
832,CGC,R,GTG,V,3.9%
832,CGC,R,TGG,W,5.4%
832,CGC,R,TAC,Y,4.3%
833,TTG,L,GCC,A,8.3%
833,TTG,L,TGC,C,4.7%
833,TTG,L,GAC,D,3.0%
833,TTG,L,GAG,E,2.3%
833,TTG,L,TTC,F,9.1%
833,TTG,L,GGC,G,0.3%
833,TTG,L,CAC,H,3.9%
833,TTG,L,ATC,I,3.0%
833,TTG,L,AAG,K,5.6%
833,TTG,L,ATG,M,7.5%
833,TTG,L,AAC,N,6.1%
833,TTG,L,CCC,P,4.9%
833,TTG,L,CAG,Q,0.1%
833,TTG,L,AGA,R,2.5%
833,TTG,L,AGC,S,3.5%
833,TTG,L,ACC,T,4.6%
833,TTG,L,GTG,V,12.1%
833,TTG,L,TGG,W,11.9%
833,TTG,L,TAC,Y,6.6%
834,GTG,V,GCC,A,4.2%
834,GTG,V,TGC,C,4.5%
834,GTG,V,GAC,D,6.8%
834,GTG,V,GAG,E,5.0%
834,GTG,V,TTC,F,4.7%
834,GTG,V,GGC,G,6.4%
834,GTG,V,CAC,H,4.3%
834,GTG,V,ATC,I,3.4%
834,GTG,V,AAG,K,9.2%
834,GTG,V,CTG,L,5.7%
834,GTG,V,ATG,M,8.1%
834,GTG,V,AAC,N,6.1%
834,GTG,V,CCC,P,5.7%
834,GTG,V,CAG,Q,3.6%
834,GTG,V,AGA,R,1.3%
834,GTG,V,AGC,S,4.9%
834,GTG,V,ACC,T,5.9%
834,GTG,V,TGG,W,6.0%
834,GTG,V,TAC,Y,4.3%
835,CAC,H,GCC,A,4.0%
835,CAC,H,TGC,C,3.8%
835,CAC,H,GAC,D,5.3%
835,CAC,H,GAG,E,8.2%
835,CAC,H,TTC,F,5.6%
835,CAC,H,GGC,G,1.8%
835,CAC,H,ATC,I,5.3%
835,CAC,H,AAG,K,3.2%
835,CAC,H,CTG,L,5.9%
835,CAC,H,ATG,M,2.1%
835,CAC,H,AAC,N,14.3%
835,CAC,H,CCC,P,8.3%
835,CAC,H,CAG,Q,5.3%
835,CAC,H,AGA,R,3.8%
835,CAC,H,AGC,S,7.4%
835,CAC,H,ACC,T,1.8%
835,CAC,H,GTG,V,2.7%
835,CAC,H,TGG,W,4.7%
835,CAC,H,TAC,Y,6.4%
836,CGC,R,GCC,A,3.6%
836,CGC,R,TGC,C,4.7%
836,CGC,R,GAC,D,1.5%
836,CGC,R,GAG,E,12.2%
836,CGC,R,TTC,F,3.0%
836,CGC,R,GGC,G,3.8%
836,CGC,R,CAC,H,7.5%
836,CGC,R,ATC,I,5.2%
836,CGC,R,AAG,K,7.1%
836,CGC,R,CTG,L,4.9%
836,CGC,R,ATG,M,3.9%
836,CGC,R,AAC,N,4.0%
836,CGC,R,CCC,P,7.1%
836,CGC,R,CAG,Q,7.1%
836,CGC,R,AGC,S,6.7%
836,CGC,R,ACC,T,4.6%
836,CGC,R,GTG,V,3.5%
836,CGC,R,TGG,W,4.2%
836,CGC,R,TAC,Y,5.4%
837,GAC,D,GCC,A,7.5%
837,GAC,D,TGC,C,4.4%
837,GAC,D,GAG,E,10.0%
837,GAC,D,TTC,F,4.5%
837,GAC,D,GGC,G,5.5%
837,GAC,D,CAC,H,4.0%
837,GAC,D,ATC,I,4.0%
837,GAC,D,AAG,K,10.0%
837,GAC,D,CTG,L,2.2%
837,GAC,D,ATG,M,1.8%
837,GAC,D,AAC,N,10.6%
837,GAC,D,CCC,P,2.9%
837,GAC,D,CAG,Q,3.6%
837,GAC,D,AGA,R,3.5%
837,GAC,D,AGC,S,2.5%
837,GAC,D,ACC,T,1.4%
837,GAC,D,GTG,V,7.7%
837,GAC,D,TGG,W,3.1%
837,GAC,D,TAC,Y,11.1%
838,CTG,L,GCC,A,6.9%
838,CTG,L,TGC,C,4.7%
838,CTG,L,GAC,D,10.1%
838,CTG,L,GAG,E,5.8%
838,CTG,L,TTC,F,1.7%
838,CTG,L,GGC,G,2.0%
838,CTG,L,CAC,H,2.4%
838,CTG,L,ATC,I,6.4%
838,CTG,L,AAG,K,3.8%
838,CTG,L,ATG,M,7.2%
838,CTG,L,AAC,N,7.0%
838,CTG,L,CCC,P,3.0%
838,CTG,L,CAG,Q,7.1%
838,CTG,L,AGA,R,3.1%
838,CTG,L,AGC,S,1.6%
838,CTG,L,ACC,T,4.2%
838,CTG,L,GTG,V,8.7%
838,CTG,L,TGG,W,9.3%
838,CTG,L,TAC,Y,5.0%
839,GCA,A,TGC,C,1.4%
839,GCA,A,GAC,D,4.5%
839,GCA,A,GAG,E,9.7%
839,GCA,A,TTC,F,2.5%
839,GCA,A,GGC,G,6.9%
839,GCA,A,CAC,H,3.8%
839,GCA,A,ATC,I,5.7%
839,GCA,A,AAG,K,11.1%
839,GCA,A,CTG,L,6.9%
839,GCA,A,ATG,M,2.8%
839,GCA,A,AAC,N,6.6%
839,GCA,A,CCC,P,4.3%
839,GCA,A,CAG,Q,3.4%
839,GCA,A,AGA,R,7.2%
839,GCA,A,AGC,S,2.6%
839,GCA,A,ACC,T,3.1%
839,GCA,A,GTG,V,8.5%
839,GCA,A,TGG,W,5.9%
839,GCA,A,TAC,Y,3.1%
840,GCC,A,TGC,C,4.3%
840,GCC,A,GAC,D,12.4%
840,GCC,A,GAG,E,2.6%
840,GCC,A,TTC,F,2.8%
840,GCC,A,GGC,G,5.3%
840,GCC,A,CAC,H,5.8%
840,GCC,A,ATC,I,4.9%
840,GCC,A,AAG,K,2.3%
840,GCC,A,CTG,L,2.9%
840,GCC,A,ATG,M,5.2%
840,GCC,A,AAC,N,5.2%
840,GCC,A,CCC,P,8.7%
840,GCC,A,CAG,Q,3.6%
840,GCC,A,AGA,R,4.9%
840,GCC,A,AGC,S,6.1%
840,GCC,A,ACC,T,7.2%
840,GCC,A,GTG,V,3.4%
840,GCC,A,TGG,W,8.1%
840,GCC,A,TAC,Y,4.4%
841,AGG,R,GCC,A,0.1%
841,AGG,R,TGC,C,6.7%
841,AGG,R,GAC,D,4.9%
841,AGG,R,GAG,E,4.4%
841,AGG,R,TTC,F,2.7%
841,AGG,R,GGC,G,4.4%
841,AGG,R,CAC,H,4.0%
841,AGG,R,ATC,I,7.4%
841,AGG,R,AAG,K,7.2%
841,AGG,R,CTG,L,7.3%
841,AGG,R,ATG,M,8.9%
841,AGG,R,AAC,N,9.4%
841,AGG,R,CCC,P,5.3%
841,AGG,R,CAG,Q,3.5%
841,AGG,R,AGC,S,7.7%
841,AGG,R,ACC,T,2.4%
841,AGG,R,GTG,V,5.1%
841,AGG,R,TGG,W,5.6%
841,AGG,R,TAC,Y,3.2%
842,AAC,N,GCC,A,1.4%
842,AAC,N,TGC,C,4.3%
842,AAC,N,GAC,D,4.1%
842,AAC,N,GAG,E,4.2%
842,AAC,N,TTC,F,4.0%
842,AAC,N,GGC,G,5.7%
842,AAC,N,CAC,H,7.2%
842,AAC,N,ATC,I,5.5%
842,AAC,N,AAG,K,4.0%
842,AAC,N,CTG,L,6.0%
842,AAC,N,ATG,M,3.8%
842,AAC,N,CCC,P,3.5%
842,AAC,N,CAG,Q,3.9%
842,AAC,N,AGA,R,2.2%
842,AAC,N,AGC,S,8.2%
842,AAC,N,ACC,T,6.6%
842,AAC,N,GTG,V,5.4%
842,AAC,N,TGG,W,9.5%
842,AAC,N,TAC,Y,10.4%
843,GTA,V,GCC,A,8.8%
843,GTA,V,TGC,C,0.9%
843,GTA,V,GAC,D,3.8%
843,GTA,V,GAG,E,2.9%
843,GTA,V,TTC,F,5.5%
843,GTA,V,GGC,G,1.2%
843,GTA,V,CAC,H,3.9%
843,GTA,V,ATC,I,10.3%
843,GTA,V,AAG,K,2.8%
843,GTA,V,CTG,L,10.4%
843,GTA,V,ATG,M,6.4%
843,GTA,V,AAC,N,4.5%
843,GTA,V,CCC,P,7.7%
843,GTA,V,CAG,Q,6.3%
843,GTA,V,AGA,R,5.0%
843,GTA,V,AGC,S,4.3%
843,GTA,V,ACC,T,3.5%
843,GTA,V,TGG,W,2.5%
843,GTA,V,TAC,Y,9.3%
844,CTG,L,GCC,A,6.0%
844,CTG,L,TGC,C,7.0%
844,CTG,L,GAC,D,5.6%
844,CTG,L,GAG,E,12.9%
844,CTG,L,TTC,F,2.9%
844,CTG,L,GGC,G,7.0%
844,CTG,L,CAC,H,2.5%
844,CTG,L,ATC,I,3.6%
844,CTG,L,AAG,K,1.4%
844,CTG,L,ATG,M,11.1%
844,CTG,L,AAC,N,5.8%
844,CTG,L,CCC,P,1.7%
844,CTG,L,CAG,Q,2.3%
844,CTG,L,AGA,R,3.8%
844,CTG,L,AGC,S,1.6%
844,CTG,L,ACC,T,10.8%
844,CTG,L,GTG,V,4.0%
844,CTG,L,TGG,W,5.6%
844,CTG,L,TAC,Y,4.5%
845,GTG,V,GCC,A,4.9%
845,GTG,V,TGC,C,4.9%
845,GTG,V,GAC,D,2.6%
845,GTG,V,GAG,E,8.0%
845,GTG,V,TTC,F,6.3%
845,GTG,V,GGC,G,2.5%
845,GTG,V,CAC,H,5.4%
845,GTG,V,ATC,I,6.1%
845,GTG,V,AAG,K,5.9%
845,GTG,V,CTG,L,8.9%
845,GTG,V,ATG,M,6.5%
845,GTG,V,AAC,N,2.8%
845,GTG,V,CCC,P,6.0%
845,GTG,V,CAG,Q,2.0%
845,GTG,V,AGA,R,4.3%
845,GTG,V,AGC,S,4.6%
845,GTG,V,ACC,T,11.7%
845,GTG,V,TGG,W,3.0%
845,GTG,V,TAC,Y,3.6%
846,AAA,K,GCC,A,4.4%
846,AAA,K,TGC,C,6.4%
846,AAA,K,GAC,D,2.7%
846,AAA,K,GAG,E,9.0%
846,AAA,K,TTC,F,2.9%
846,AAA,K,GGC,G,6.1%
846,AAA,K,CAC,H,2.9%
846,AAA,K,ATC,I,9.3%
846,AAA,K,CTG,L,2.4%
846,AAA,K,ATG,M,7.5%
846,AAA,K,AAC,N,4.1%
846,AAA,K,CCC,P,4.5%
846,AAA,K,CAG,Q,6.4%
846,AAA,K,AGA,R,4.0%
846,AAA,K,AGC,S,5.9%
846,AAA,K,ACC,T,3.9%
846,AAA,K,GTG,V,8.1%
846,AAA,K,TGG,W,5.6%
846,AAA,K,TAC,Y,4.0%
847,ACA,T,GCC,A,3.5%
847,ACA,T,TGC,C,4.7%
847,ACA,T,GAC,D,5.0%
847,ACA,T,GAG,E,6.4%
847,ACA,T,TTC,F,6.7%
847,ACA,T,GGC,G,2.8%
847,ACA,T,CAC,H,6.3%
847,ACA,T,ATC,I,5.2%
847,ACA,T,AAG,K,5.8%
847,ACA,T,CTG,L,3.1%
847,ACA,T,ATG,M,1.0%
847,ACA,T,AAC,N,3.5%
847,ACA,T,CCC,P,3.5%
847,ACA,T,CAG,Q,4.9%
847,ACA,T,AGA,R,18.5%
847,ACA,T,AGC,S,7.9%
847,ACA,T,GTG,V,3.7%
847,ACA,T,TGG,W,4.0%
847,ACA,T,TAC,Y,3.5%
848,CCG,P,GCC,A,5.4%
848,CCG,P,TGC,C,5.4%
848,CCG,P,GAC,D,8.0%
848,CCG,P,GAG,E,2.5%
848,CCG,P,TTC,F,6.5%
848,CCG,P,GGC,G,4.8%
848,CCG,P,CAC,H,4.5%
848,CCG,P,ATC,I,4.4%
848,CCG,P,AAG,K,5.7%
848,CCG,P,CTG,L,10.2%
848,CCG,P,ATG,M,5.8%
848,CCG,P,AAC,N,7.7%
848,CCG,P,CAG,Q,9.3%
848,CCG,P,AGA,R,2.2%
848,CCG,P,AGC,S,6.3%
848,CCG,P,ACC,T,2.4%
848,CCG,P,GTG,V,1.6%
848,CCG,P,TGG,W,4.2%
848,CCG,P,TAC,Y,3.1%
849,CAG,Q,GCC,A,0.9%
849,CAG,Q,TGC,C,1.8%
849,CAG,Q,GAC,D,4.6%
849,CAG,Q,GAG,E,8.7%
849,CAG,Q,TTC,F,3.4%
849,CAG,Q,GGC,G,10.7%
849,CAG,Q,CAC,H,8.2%
849,CAG,Q,ATC,I,3.1%
849,CAG,Q,AAG,K,11.5%
849,CAG,Q,CTG,L,5.3%
849,CAG,Q,ATG,M,6.5%
849,CAG,Q,AAC,N,3.9%
849,CAG,Q,CCC,P,4.1%
849,CAG,Q,AGA,R,4.7%
849,CAG,Q,AGC,S,2.4%
849,CAG,Q,ACC,T,4.3%
849,CAG,Q,GTG,V,5.0%
849,CAG,Q,TGG,W,6.2%
849,CAG,Q,TAC,Y,4.6%
850,CAT,H,GCC,A,9.3%
850,CAT,H,TGC,C,4.6%
850,CAT,H,GAC,D,6.7%
850,CAT,H,GAG,E,4.0%
850,CAT,H,TTC,F,3.4%
850,CAT,H,GGC,G,1.8%
850,CAT,H,ATC,I,4.2%
850,CAT,H,AAG,K,6.8%
850,CAT,H,CTG,L,7.0%
850,CAT,H,ATG,M,5.7%
850,CAT,H,AAC,N,4.2%
850,CAT,H,CCC,P,4.6%
850,CAT,H,CAG,Q,12.1%
850,CAT,H,AGA,R,4.4%
850,CAT,H,AGC,S,3.4%
850,CAT,H,ACC,T,6.2%
850,CAT,H,GTG,V,4.7%
850,CAT,H,TGG,W,4.9%
850,CAT,H,TAC,Y,1.9%
851,GTC,V,GCC,A,6.3%
851,GTC,V,TGC,C,3.6%
851,GTC,V,GAC,D,6.1%
851,GTC,V,GAG,E,3.1%
851,GTC,V,TTC,F,8.1%
851,GTC,V,GGC,G,10.7%
851,GTC,V,CAC,H,3.7%
851,GTC,V,ATC,I,7.0%
851,GTC,V,AAG,K,6.1%
851,GTC,V,CTG,L,1.4%
851,GTC,V,ATG,M,6.3%
851,GTC,V,AAC,N,2.9%
851,GTC,V,CCC,P,5.2%
851,GTC,V,CAG,Q,6.4%
851,GTC,V,AGA,R,5.6%
851,GTC,V,AGC,S,2.5%
851,GTC,V,ACC,T,5.1%
851,GTC,V,TGG,W,3.9%
851,GTC,V,TAC,Y,5.7%
852,AAG,K,GCC,A,3.6%
852,AAG,K,TGC,C,2.0%
852,AAG,K,GAC,D,3.2%
852,AAG,K,GAG,E,7.9%
852,AAG,K,TTC,F,3.6%
852,AAG,K,GGC,G,5.1%
852,AAG,K,CAC,H,3.2%
852,AAG,K,ATC,I,4.5%
852,AAG,K,CTG,L,8.8%
852,AAG,K,ATG,M,5.8%
852,AAG,K,AAC,N,5.8%
852,AAG,K,CCC,P,5.7%
852,AAG,K,CAG,Q,11.9%
852,AAG,K,AGA,R,5.8%
852,AAG,K,AGC,S,4.8%
852,AAG,K,ACC,T,3.3%
852,AAG,K,GTG,V,5.9%
852,AAG,K,TGG,W,3.8%
852,AAG,K,TAC,Y,5.5%
853,ATC,I,GCC,A,3.0%
853,ATC,I,TGC,C,4.0%
853,ATC,I,GAC,D,4.3%
853,ATC,I,GAG,E,5.2%
853,ATC,I,TTC,F,5.0%
853,ATC,I,GGC,G,4.4%
853,ATC,I,CAC,H,4.2%
853,ATC,I,AAG,K,5.9%
853,ATC,I,CTG,L,2.8%
853,ATC,I,ATG,M,9.3%
853,ATC,I,AAC,N,8.6%
853,ATC,I,CCC,P,4.8%
853,ATC,I,CAG,Q,6.5%
853,ATC,I,AGA,R,2.8%
853,ATC,I,AGC,S,12.0%
853,ATC,I,ACC,T,7.6%
853,ATC,I,GTG,V,4.1%
853,ATC,I,TGG,W,2.7%
853,ATC,I,TAC,Y,2.9%
854,ACA,T,GCC,A,4.3%
854,ACA,T,TGC,C,4.2%
854,ACA,T,GAC,D,3.1%
854,ACA,T,GAG,E,7.4%
854,ACA,T,TTC,F,3.5%
854,ACA,T,GGC,G,4.2%
854,ACA,T,CAC,H,8.9%
854,ACA,T,ATC,I,10.2%
854,ACA,T,AAG,K,2.2%
854,ACA,T,CTG,L,4.4%
854,ACA,T,ATG,M,3.1%
854,ACA,T,AAC,N,4.2%
854,ACA,T,CCC,P,12.1%
854,ACA,T,CAG,Q,4.1%
854,ACA,T,AGA,R,4.4%
854,ACA,T,AGC,S,5.8%
854,ACA,T,GTG,V,3.4%
854,ACA,T,TGG,W,5.6%
854,ACA,T,TAC,Y,4.8%
855,GAT,D,GCC,A,4.2%
855,GAT,D,TGC,C,3.6%
855,GAT,D,GAG,E,10.0%
855,GAT,D,TTC,F,7.3%
855,GAT,D,GGC,G,10.1%
855,GAT,D,CAC,H,6.1%
855,GAT,D,ATC,I,1.9%
855,GAT,D,AAG,K,2.6%
855,GAT,D,CTG,L,9.7%
855,GAT,D,ATG,M,4.2%
855,GAT,D,AAC,N,6.2%
855,GAT,D,CCC,P,2.4%
855,GAT,D,CAG,Q,2.1%
855,GAT,D,AGA,R,3.2%
855,GAT,D,AGC,S,4.9%
855,GAT,D,ACC,T,3.8%
855,GAT,D,GTG,V,7.4%
855,GAT,D,TGG,W,4.5%
855,GAT,D,TAC,Y,5.9%
856,TTT,F,GCC,A,9.2%
856,TTT,F,TGC,C,4.5%
856,TTT,F,GAC,D,5.8%
856,TTT,F,GAG,E,2.3%
856,TTT,F,GGC,G,5.2%
856,TTT,F,CAC,H,6.4%
856,TTT,F,ATC,I,2.1%
856,TTT,F,AAG,K,3.9%
856,TTT,F,CTG,L,7.0%
856,TTT,F,ATG,M,6.0%
856,TTT,F,AAC,N,4.3%
856,TTT,F,CCC,P,2.4%
856,TTT,F,CAG,Q,9.3%
856,TTT,F,AGA,R,4.5%
856,TTT,F,AGC,S,6.6%
856,TTT,F,ACC,T,4.6%
856,TTT,F,GTG,V,4.3%
856,TTT,F,TGG,W,7.0%
856,TTT,F,TAC,Y,4.5%
857,GGG,G,GCC,A,5.0%
857,GGG,G,TGC,C,4.9%
857,GGG,G,GAC,D,4.5%
857,GGG,G,GAG,E,5.7%
857,GGG,G,TTC,F,4.5%
857,GGG,G,CAC,H,0.9%
857,GGG,G,ATC,I,2.4%
857,GGG,G,AAG,K,2.8%
857,GGG,G,CTG,L,3.2%
857,GGG,G,ATG,M,4.4%
857,GGG,G,AAC,N,1.5%
857,GGG,G,CCC,P,4.4%
857,GGG,G,CAG,Q,3.0%
857,GGG,G,AGA,R,5.0%
857,GGG,G,AGC,S,4.2%
857,GGG,G,ACC,T,3.8%
857,GGG,G,GTG,V,19.8%
857,GGG,G,TGG,W,12.9%
857,GGG,G,TAC,Y,6.9%
859,GCC,A,TGC,C,3.5%
859,GCC,A,GAC,D,12.4%
859,GCC,A,GAG,E,5.8%
859,GCC,A,TTC,F,4.1%
859,GCC,A,GGC,G,6.7%
859,GCC,A,CAC,H,3.9%
859,GCC,A,ATC,I,4.9%
859,GCC,A,AAG,K,3.8%
859,GCC,A,CTG,L,4.3%
859,GCC,A,ATG,M,5.4%
859,GCC,A,AAC,N,2.9%
859,GCC,A,CCC,P,6.7%
859,GCC,A,CAG,Q,5.2%
859,GCC,A,AGA,R,4.8%
859,GCC,A,AGC,S,5.4%
859,GCC,A,ACC,T,8.8%
859,GCC,A,GTG,V,2.0%
859,GCC,A,TGG,W,4.1%
859,GCC,A,TAC,Y,5.1%
860,AAA,K,GCC,A,1.1%
860,AAA,K,TGC,C,3.6%
860,AAA,K,GAC,D,5.3%
860,AAA,K,GAG,E,4.2%
860,AAA,K,TTC,F,2.1%
860,AAA,K,GGC,G,11.3%
860,AAA,K,CAC,H,7.7%
860,AAA,K,ATC,I,2.3%
860,AAA,K,CTG,L,2.8%
860,AAA,K,ATG,M,4.5%
860,AAA,K,AAC,N,10.1%
860,AAA,K,CCC,P,1.7%
860,AAA,K,CAG,Q,3.6%
860,AAA,K,AGA,R,8.0%
860,AAA,K,AGC,S,1.9%
860,AAA,K,ACC,T,3.1%
860,AAA,K,GTG,V,10.3%
860,AAA,K,TGG,W,6.5%
860,AAA,K,TAC,Y,10.1%
861,CTG,L,GCC,A,1.2%
861,CTG,L,TGC,C,8.3%
861,CTG,L,GAC,D,9.8%
861,CTG,L,GAG,E,4.1%
861,CTG,L,TTC,F,3.6%
861,CTG,L,GGC,G,5.0%
861,CTG,L,CAC,H,4.1%
861,CTG,L,ATC,I,1.7%
861,CTG,L,AAG,K,3.0%
861,CTG,L,ATG,M,10.3%
861,CTG,L,AAC,N,2.6%
861,CTG,L,CCC,P,3.6%
861,CTG,L,CAG,Q,6.1%
861,CTG,L,AGA,R,6.8%
861,CTG,L,AGC,S,7.3%
861,CTG,L,ACC,T,3.2%
861,CTG,L,GTG,V,5.7%
861,CTG,L,TGG,W,5.4%
861,CTG,L,TAC,Y,8.1%
862,CTG,L,GCC,A,4.3%
862,CTG,L,TGC,C,5.7%
862,CTG,L,GAC,D,5.7%
862,CTG,L,GAG,E,4.4%
862,CTG,L,TTC,F,13.7%
862,CTG,L,GGC,G,1.4%
862,CTG,L,CAC,H,4.3%
862,CTG,L,ATC,I,4.4%
862,CTG,L,AAG,K,2.2%
862,CTG,L,ATG,M,9.5%
862,CTG,L,AAC,N,3.2%
862,CTG,L,CCC,P,3.3%
862,CTG,L,CAG,Q,9.4%
862,CTG,L,AGA,R,3.7%
862,CTG,L,AGC,S,6.4%
862,CTG,L,ACC,T,5.3%
862,CTG,L,GTG,V,4.3%
862,CTG,L,TGG,W,4.4%
862,CTG,L,TAC,Y,4.6%
863,GGT,G,GCC,A,4.2%
863,GGT,G,TGC,C,4.4%
863,GGT,G,GAC,D,6.9%
863,GGT,G,GAG,E,4.0%
863,GGT,G,TTC,F,7.2%
863,GGT,G,CAC,H,4.0%
863,GGT,G,ATC,I,4.2%
863,GGT,G,AAG,K,5.5%
863,GGT,G,CTG,L,3.6%
863,GGT,G,ATG,M,10.9%
863,GGT,G,AAC,N,6.5%
863,GGT,G,CCC,P,0.4%
863,GGT,G,CAG,Q,5.3%
863,GGT,G,AGA,R,8.1%
863,GGT,G,AGC,S,5.1%
863,GGT,G,ACC,T,6.6%
863,GGT,G,GTG,V,4.0%
863,GGT,G,TGG,W,6.4%
863,GGT,G,TAC,Y,2.6%
864,GCG,A,TGC,C,1.9%
864,GCG,A,GAC,D,4.2%
864,GCG,A,GAG,E,11.7%
864,GCG,A,TTC,F,3.6%
864,GCG,A,GGC,G,5.9%
864,GCG,A,CAC,H,4.8%
864,GCG,A,ATC,I,1.7%
864,GCG,A,AAG,K,2.9%
864,GCG,A,CTG,L,2.3%
864,GCG,A,ATG,M,7.0%
864,GCG,A,AAC,N,5.1%
864,GCG,A,CCC,P,5.2%
864,GCG,A,CAG,Q,4.0%
864,GCG,A,AGA,R,3.4%
864,GCG,A,AGC,S,8.1%
864,GCG,A,ACC,T,6.0%
864,GCG,A,GTG,V,10.2%
864,GCG,A,TGG,W,5.2%
864,GCG,A,TAC,Y,6.8%
865,GAA,E,GCC,A,5.1%
865,GAA,E,TGC,C,5.8%
865,GAA,E,GAC,D,13.5%
865,GAA,E,TTC,F,5.4%
865,GAA,E,GGC,G,5.7%
865,GAA,E,CAC,H,2.7%
865,GAA,E,ATC,I,1.2%
865,GAA,E,AAG,K,6.5%
865,GAA,E,CTG,L,5.1%
865,GAA,E,ATG,M,1.9%
865,GAA,E,AAC,N,9.7%
865,GAA,E,CCC,P,5.5%
865,GAA,E,CAG,Q,5.5%
865,GAA,E,AGA,R,5.0%
865,GAA,E,AGC,S,5.3%
865,GAA,E,ACC,T,3.8%
865,GAA,E,GTG,V,2.3%
865,GAA,E,TGG,W,7.2%
865,GAA,E,TAC,Y,2.8%
866,GAG,E,GCC,A,0.0%
866,GAG,E,TGC,C,0.0%
866,GAG,E,GAC,D,0.0%
866,GAG,E,TTC,F,0.0%
866,GAG,E,GGC,G,0.0%
866,GAG,E,CAC,H,0.0%
866,GAG,E,ATC,I,0.0%
866,GAG,E,AAG,K,0.0%
866,GAG,E,CTG,L,0.0%
866,GAG,E,ATG,M,0.0%
866,GAG,E,AAC,N,0.0%
866,GAG,E,CCC,P,0.0%
866,GAG,E,CAG,Q,0.0%
866,GAG,E,AGA,R,0.0%
866,GAG,E,AGC,S,0.0%
866,GAG,E,ACC,T,0.0%
866,GAG,E,GTG,V,0.0%
866,GAG,E,TGG,W,0.0%
866,GAG,E,TAC,Y,0.0%
867,AAA,K,GCC,A,2.9%
867,AAA,K,TGC,C,4.0%
867,AAA,K,GAC,D,2.8%
867,AAA,K,GAG,E,6.5%
867,AAA,K,TTC,F,8.1%
867,AAA,K,GGC,G,3.4%
867,AAA,K,CAC,H,5.0%
867,AAA,K,ATC,I,11.3%
867,AAA,K,CTG,L,2.6%
867,AAA,K,ATG,M,4.7%
867,AAA,K,AAC,N,8.0%
867,AAA,K,CCC,P,5.0%
867,AAA,K,CAG,Q,7.7%
867,AAA,K,AGA,R,6.4%
867,AAA,K,AGC,S,3.9%
867,AAA,K,ACC,T,4.6%
867,AAA,K,GTG,V,6.6%
867,AAA,K,TGG,W,1.2%
867,AAA,K,TAC,Y,5.4%
868,GAA,E,GCC,A,4.3%
868,GAA,E,TGC,C,3.7%
868,GAA,E,GAC,D,11.5%
868,GAA,E,TTC,F,2.9%
868,GAA,E,GGC,G,5.7%
868,GAA,E,CAC,H,3.4%
868,GAA,E,ATC,I,2.7%
868,GAA,E,AAG,K,6.8%
868,GAA,E,CTG,L,2.5%
868,GAA,E,ATG,M,10.8%
868,GAA,E,AAC,N,2.1%
868,GAA,E,CCC,P,2.5%
868,GAA,E,CAG,Q,8.8%
868,GAA,E,AGA,R,6.2%
868,GAA,E,AGC,S,5.9%
868,GAA,E,ACC,T,6.8%
868,GAA,E,GTG,V,6.1%
868,GAA,E,TGG,W,3.2%
868,GAA,E,TAC,Y,4.1%
869,TAC,Y,GCC,A,1.8%
869,TAC,Y,TGC,C,8.5%
869,TAC,Y,GAC,D,12.9%
869,TAC,Y,GAG,E,3.0%
869,TAC,Y,TTC,F,8.4%
869,TAC,Y,GGC,G,7.8%
869,TAC,Y,CAC,H,7.2%
869,TAC,Y,ATC,I,1.6%
869,TAC,Y,AAG,K,6.4%
869,TAC,Y,CTG,L,6.2%
869,TAC,Y,ATG,M,4.7%
869,TAC,Y,AAC,N,5.0%
869,TAC,Y,CCC,P,2.4%
869,TAC,Y,CAG,Q,5.1%
869,TAC,Y,AGA,R,1.9%
869,TAC,Y,AGC,S,4.2%
869,TAC,Y,ACC,T,4.6%
869,TAC,Y,GTG,V,2.0%
869,TAC,Y,TGG,W,6.2%
870,CAT,H,GCC,A,8.3%
870,CAT,H,TGC,C,3.1%
870,CAT,H,GAC,D,3.9%
870,CAT,H,GAG,E,7.8%
870,CAT,H,TTC,F,2.7%
870,CAT,H,GGC,G,2.1%
870,CAT,H,ATC,I,5.0%
870,CAT,H,AAG,K,6.5%
870,CAT,H,CTG,L,9.2%
870,CAT,H,ATG,M,2.9%
870,CAT,H,AAC,N,6.4%
870,CAT,H,CCC,P,7.9%
870,CAT,H,CAG,Q,8.9%
870,CAT,H,AGA,R,6.6%
870,CAT,H,AGC,S,2.0%
870,CAT,H,ACC,T,4.2%
870,CAT,H,GTG,V,4.9%
870,CAT,H,TGG,W,4.5%
870,CAT,H,TAC,Y,3.1%